TestCfg,EncodeMethod,CodecName,EncodePreset,Class,Name,OrigRes,FPS,BitDepth,CodedRes,QP,Bitrate(kbps),PSNR_Y,PSNR_U,PSNR_V,SSIM_Y(dB),MS-SSIM_Y(dB),VMAF_Y,VMAF_Y-NEG,PSNR-HVS,CIEDE2000,APSNR_Y,APSNR_U,APSNR_V,CAMBI,EncT[s],DecT[s],EncInstr,DecInstr,EncCycles,DecCycles,EncMD5,DecMD5
AS,aom,av2,0,A1,BoxingPractice,3840x2160,60.0000,10,3840x2160,110,20520.400215,42.397637,48.781705,48.793977,29.338883,20.347286,99.975381,99.932229,43.040882,43.295852,42.338432,48.750063,48.762567,0.895989,1173160.38,47.96,6622451363574565,231823092753,3060941569272604,132242387426,df901d3c20782003b0ab10ffb6bfeabe,
AS,aom,av2,0,A1,BoxingPractice,3840x2160,60.0000,10,3840x2160,135,7504.193038,41.578668,47.625131,47.574633,27.543084,19.590298,99.840155,97.875891,41.527959,42.451488,41.559444,47.609169,47.556656,1.066213,698429.91,54.24,3914544347861257,292993989037,1829124938305574,150819585081,e88576d4d42aa79ee86c8a63a7578a07,
AS,aom,av2,0,A1,BoxingPractice,3840x2160,60.0000,10,3840x2160,160,3001.809268,40.369626,46.153474,45.990995,25.238488,18.547280,95.777759,93.177424,39.314561,41.343592,40.353472,46.136419,45.973352,1.138053,353836.18,70.88,2062408089296287,410275637660,935247304344138,199149412926,02b72247bd8a7c78ff911a3f25254b5e,
AS,aom,av2,0,A1,BoxingPractice,3840x2160,60.0000,10,3840x2160,185,1447.901022,38.434703,44.248984,43.995146,22.104421,16.891029,87.090846,84.198170,36.199693,39.785485,38.410435,44.228297,43.977997,1.134115,180189.18,80.35,1070173005686259,475126660067,478728482493965,223625132511,8fa9839c2e9270a4cc2d533d6dcc5da7,
AS,aom,av2,0,A1,BoxingPractice,3840x2160,60.0000,10,3840x2160,210,694.150158,35.752988,41.847804,41.632055,18.459626,14.664875,72.594660,69.500212,32.529824,37.659139,35.721867,41.827424,41.610227,1.198797,89938.57,87.41,580603306761050,560748861288,259207249899879,259730147467,21d55078c3267c9db21427df2b149bfc,
AS,aom,av2,0,A1,BoxingPractice,3840x2160,60.0000,10,3840x2160,235,327.162069,32.683316,39.141406,39.135622,14.786850,12.215875,53.460894,50.423295,28.849100,35.051959,32.649592,39.126151,39.118669,1.219567,53162.18,97.55,328659964556623,591354297538,143829422747994,271494676635,cec00f11d8a32682c49374dbbf52153f,
AS,aom,av2,0,A1,BoxingPractice,3840x2160,60.0000,10,2560x1440,110,10279.130101,41.568565,47.139521,47.269021,28.349783,19.876840,99.949768,98.294505,42.122552,42.462557,41.551714,47.127285,47.253511,1.128781,442182.57,25.53,2422180978574919,124702805843,1155244942362580,70119170411,97ee4b4e645f84e965381111657d0ecc,
AS,aom,av2,0,A1,BoxingPractice,3840x2160,60.0000,10,2560x1440,135,4188.947053,40.708394,46.160087,46.144245,26.380666,19.036745,97.526664,94.930208,40.330051,41.659422,40.695982,46.148492,46.129528,1.143824,316047.84,27.64,1740083666069528,144243985290,829769608773441,76167368186,a08049a2748bc416c3e1e84589384058,
AS,aom,av2,0,A1,BoxingPractice,3840x2160,60.0000,10,2560x1440,160,1948.819181,39.229433,44.726424,44.572607,23.641122,17.693113,91.240915,88.331939,37.626746,40.415374,39.210562,44.711188,44.555728,1.266249,176201.92,32.53,1068660171112549,195625920031,501566891597145,96927306842,3a9d7cb5e07586622799346f0de395e2,
AS,aom,av2,0,A1,BoxingPractice,3840x2160,60.0000,10,2560x1440,185,951.136248,36.991487,42.858118,42.636990,20.222613,15.746652,79.671372,76.569024,34.229997,38.697580,36.964581,42.839392,42.618100,1.254503,92892.38,36.53,580551980920126,231609543952,263857287469705,108129686753,b73e246a3c0eb2fbeb876805cffc8dac,
AS,aom,av2,0,A1,BoxingPractice,3840x2160,60.0000,10,2560x1440,210,448.152463,34.122507,40.588835,40.435262,16.506681,13.374611,62.435954,59.354509,30.556400,36.471683,34.089353,40.572801,40.416072,1.221581,54253.43,44.05,332475936570047,269936032981,144174291073754,121761057513,4a9da11b0ba811765210a25026000ba9,
AS,aom,av2,0,A1,BoxingPractice,3840x2160,60.0000,10,2560x1440,235,206.614309,31.017988,38.181891,38.107796,12.984838,10.973362,42.397037,39.656158,27.026133,33.949757,30.983947,38.167788,38.093202,1.184313,27921.88,42.70,185312792360031,282789625132,80427342326209,126745492074,5adff277c1d1b738c3eecf3b853df2f3,
AS,aom,av2,0,A1,BoxingPractice,3840x2160,60.0000,10,1920x1080,110,6827.305617,40.640539,45.981148,45.863213,27.559184,19.386827,98.070106,95.554948,41.105938,41.761769,40.631269,45.973875,45.852000,1.237630,176592.44,13.56,1242788129733562,70880338909,602063116124580,48398750056,05eadd8ae57e23aab9bef6ff25ead32c,
AS,aom,av2,0,A1,BoxingPractice,3840x2160,60.0000,10,1920x1080,135,3010.329978,39.728310,45.096984,44.865011,25.376138,18.447854,94.034360,91.251836,39.105297,40.939062,39.716197,45.088017,44.852311,1.309418,180719.07,15.80,992381368828926,80588874525,472427328323869,43224112555,556d3cb1b6c6c6db5564c9dd07bf8468,
AS,aom,av2,0,A1,BoxingPractice,3840x2160,60.0000,10,1920x1080,160,1447.214939,38.121949,43.728569,43.383297,22.318281,16.898461,86.035868,82.959386,36.167962,39.619682,38.101327,43.716412,43.367199,1.401234,116300.07,20.90,651055672738341,115321220411,304941655003926,57616031164,435462f9acd811a2a4c2bfb4919a77b2,
AS,aom,av2,0,A1,BoxingPractice,3840x2160,60.0000,10,1920x1080,185,696.632598,35.784302,41.912444,41.570975,18.788220,14.813729,72.403241,69.295547,32.723040,37.810007,35.756316,41.897749,41.554168,1.445944,60365.49,21.98,375789275272772,136177866178,170495078317214,64804612636,e3b715266add809400954ccab8bae938,
AS,aom,av2,0,A1,BoxingPractice,3840x2160,60.0000,10,1920x1080,210,322.971797,32.906581,39.706649,39.490601,15.156702,12.432738,53.897518,50.977235,29.152549,35.538648,32.873833,39.691009,39.473329,1.431269,36082.98,24.79,216546677718427,150158956710,95205242901672,68266073437,c4d3c277989fe9642db597176202ac95,
AS,aom,av2,0,A1,BoxingPractice,3840x2160,60.0000,10,1920x1080,235,146.939829,29.827987,37.402016,37.210472,11.731261,10.093129,33.936762,31.537468,25.760457,33.058672,29.797251,37.393030,37.198611,1.371816,20467.09,23.30,127175598544967,148111691492,54336408888839,64183452302,4f9a17e9740e122d586c78cdc09377e3,
AS,aom,av2,0,A1,BoxingPractice,3840x2160,60.0000,10,1280x720,110,3939.980020,38.383103,44.540128,43.913335,26.062111,18.105174,90.526207,87.917660,37.586855,40.467104,38.377928,44.535193,43.904199,1.298420,178157.74,6.51,1002139809751104,32401675803,499614862768615,18882994805,063931f1966e1c4d699bcf6a39c9125a,
AS,aom,av2,0,A1,BoxingPractice,3840x2160,60.0000,10,1280x720,135,1925.864904,37.545390,43.723826,43.067128,23.596661,17.075842,84.729459,81.962015,35.903378,39.630201,37.535262,43.716683,43.055875,1.414901,108284.58,8.12,577560801417215,39848267459,282621410456529,21974711005,ff8dea81f4f91e81e69b4778605e7f98,
AS,aom,av2,0,A1,BoxingPractice,3840x2160,60.0000,10,1280x720,160,935.743641,36.036688,42.383266,41.745901,20.325946,15.440318,74.064270,71.180287,33.368603,38.271609,36.017384,42.372570,41.732643,1.480992,67852.11,11.74,370530879440218,64406714651,177272521633140,31706841073,f9931a9d16c8472bccff461519d13c54,
AS,aom,av2,0,A1,BoxingPractice,3840x2160,60.0000,10,1280x720,185,447.256128,33.826180,40.626807,40.098309,16.758636,13.355237,58.264588,55.508160,30.330045,36.468074,33.798211,40.613114,40.082950,1.516367,29686.80,10.03,218182467388718,73333838548,101372588392990,35429081876,ac23b5a75baf7ef4659353998d51c269,
AS,aom,av2,0,A1,BoxingPractice,3840x2160,60.0000,10,1280x720,210,202.922001,31.057432,38.485147,38.174402,13.225012,11.057258,39.516293,37.079578,27.085598,34.192516,31.025721,38.472211,38.161627,1.488804,22041.00,11.87,130538055214681,71352252981,57866166463536,32504633976,5530ca9e209ec719e1872211776cbf09,
AS,aom,av2,0,A1,BoxingPractice,3840x2160,60.0000,10,1280x720,235,89.655575,28.136524,36.666506,36.368863,10.112707,8.932165,21.145422,19.449620,24.039939,31.898690,28.105830,36.655938,36.361101,1.436354,12711.46,10.28,77363327029889,65610633641,33574101853753,28105550099,3fd851e599dd72316e5ccf1723fda30a,
AS,aom,av2,0,A1,BoxingPractice,3840x2160,60.0000,10,960x540,110,2857.835088,36.268929,43.484638,42.607490,25.007308,16.507450,79.359398,76.719071,33.819361,39.271610,36.264940,43.480238,42.599500,1.404156,115097.17,4.46,585705524709115,20498627134,299839754708258,11971940686,2ceea5b03e83132f15fddacc256799b1,
AS,aom,av2,0,A1,BoxingPractice,3840x2160,60.0000,10,960x540,135,1427.901329,35.599893,42.704623,41.833380,22.295131,15.599745,72.646466,69.968309,32.750067,38.481945,35.592261,42.698085,41.823830,1.471941,66704.40,5.24,347441940192980,26559585568,173814539190045,13996010108,b91f125a3377c58bbfc067897287fead,
AS,aom,av2,0,A1,BoxingPractice,3840x2160,60.0000,10,960x540,160,689.697994,34.330684,41.446524,40.661811,18.890075,14.145960,60.926824,58.287447,30.950594,37.217303,34.314994,41.435604,40.651253,1.552340,42357.86,6.91,225745946663687,38115688768,110409836119587,18404582656,7c3b4fbadae20b987d005c2604bbba0b,
AS,aom,av2,0,A1,BoxingPractice,3840x2160,60.0000,10,960x540,185,328.847768,32.383376,39.757454,39.178491,15.426855,12.278919,45.329909,42.876029,28.541330,35.466426,32.359126,39.744255,39.166351,1.574584,24450.74,7.51,135205462115864,43627693664,63766823824442,20009242806,44786d0c7c1ed9e93ba3739b85633465,
AS,aom,av2,0,A1,BoxingPractice,3840x2160,60.0000,10,960x540,210,148.743564,29.852633,37.720236,37.373454,12.076844,10.195314,28.122273,26.242465,25.751333,33.263981,29.823374,37.709707,37.362346,1.589112,13710.87,6.85,76716936949122,41613198620,35842743592823,18334788088,ca91ee7b9ef0309f591e85ed47d3f859,
AS,aom,av2,0,A1,BoxingPractice,3840x2160,60.0000,10,960x540,235,65.063552,27.046376,36.097420,35.853888,9.107723,8.211598,11.493603,10.363537,22.952639,30.995956,27.014033,36.086630,35.840635,1.314150,6257.03,3.70,46685923281873,33192698467,21435188582158,12976737293,370bfca262c6bf52ee7b42b45a8e6537,
AS,aom,av2,0,A1,BoxingPractice,3840x2160,60.0000,10,640x360,110,1687.377238,33.243708,42.016405,41.081734,21.640961,13.866997,53.377122,51.182590,29.255676,37.345457,33.240781,42.011926,41.075014,1.444513,40639.72,1.52,268051755852859,8977865501,138299086937724,5292417951,8414129cb81a4eee1cc21e03b42d71c3,
AS,aom,av2,0,A1,BoxingPractice,3840x2160,60.0000,10,640x360,135,868.765696,32.774522,41.327004,40.451315,19.341454,13.210654,46.564092,44.477810,28.711243,36.663618,32.769153,41.320596,40.443509,1.518719,34284.66,2.18,177681757393090,11126410858,89324435439796,5781547582,4a84acdcc221a6e228419f7d83280e68,
AS,aom,av2,0,A1,BoxingPractice,3840x2160,60.0000,10,640x360,160,420.712826,31.810285,40.158697,39.378342,16.348669,12.102367,36.057747,34.128459,27.647765,35.523155,31.798683,40.149829,39.368742,1.553043,18077.29,2.51,125406746769111,17664858966,61504718687439,8662456401,ce01113cc3eccc4b3e0617aab97c8eb6,
AS,aom,av2,0,A1,BoxingPractice,3840x2160,60.0000,10,640x360,185,199.930531,30.215854,38.556779,38.035557,13.197484,10.593788,22.812141,21.358147,25.992163,33.900876,30.196215,38.546307,38.025994,1.603709,13298.42,3.12,79900223634289,19153484810,37298755970531,8920232711,57a92cadc179242a07924ca209c60d36,
AS,aom,av2,0,A1,BoxingPractice,3840x2160,60.0000,10,640x360,210,89.345731,28.000605,36.920000,36.553531,10.234466,8.856495,10.332695,9.371802,23.820316,31.945237,27.973764,36.913171,36.547626,1.545116,7435.03,2.53,45835567607947,17335286995,20882224005962,7258568952,df8694a538c07b872dcfe1c989456bd2,
AS,aom,av2,0,A1,BoxingPractice,3840x2160,60.0000,10,640x360,235,39.781757,25.476755,35.516158,35.182873,7.712602,7.225370,0.295882,0.200689,21.452995,29.622046,25.447795,35.503897,35.168656,1.463783,4634.83,2.17,27540196839294,15300633672,12136601262839,5845285992,e31318ea849e10c7b9e406a4730b2b4c,
AS,aom,av2,0,A1,Crosswalk,3840x2160,60.0000,10,3840x2160,110,19016.926458,42.791050,48.838584,52.289461,28.508987,20.069342,95.585123,93.685907,43.154505,43.711758,42.741116,48.818704,52.275963,0.324747,1158264.88,54.40,6653643664201958,284510256135,3025795697134349,149581818729,6ee7b3a9afa93e0b029192aaacd9d762,
AS,aom,av2,0,A1,Crosswalk,3840x2160,60.0000,10,3840x2160,135,6163.380005,42.112705,48.167641,51.350221,25.915186,19.185518,90.933444,88.747798,41.571724,43.048882,42.100284,48.160992,51.340417,0.339723,542159.66,52.04,4021945747630871,363238030813,1862420928872289,186519900942,ba1c6e99e60e5b2f0477f252d415c73b,
AS,aom,av2,0,A1,Crosswalk,3840x2160,60.0000,10,3840x2160,160,2414.156920,41.086189,47.205637,49.976201,22.754494,17.967594,82.691054,80.373475,39.475124,42.091781,41.064246,47.197068,49.959483,0.361927,319897.95,88.98,1917556388309957,540957574189,849052498101852,247986606143,5ec59107964fc737b3ea19b64a980f7d,
AS,aom,av2,0,A1,Crosswalk,3840x2160,60.0000,10,3840x2160,185,1129.296550,39.511168,45.758281,48.084353,19.300360,16.339222,69.849068,67.545139,36.928247,40.672713,39.468853,45.743964,48.056224,0.372327,145374.34,102.71,886791127805061,633617144633,389761409651801,286614506049,060c78717d9297ce150c738aafba12b1,
AS,aom,av2,0,A1,Crosswalk,3840x2160,60.0000,10,3840x2160,210,529.217244,37.259207,43.688462,45.582328,15.758391,14.326604,52.528070,50.269631,33.986356,38.621084,37.192839,43.668332,45.549659,0.425561,77771.99,107.26,472335188769038,673464724905,211468445732743,299143705048,b775534579cc2cdabce416244512ced4,
AS,aom,av2,0,A1,Crosswalk,3840x2160,60.0000,10,3840x2160,235,250.202720,34.500947,41.224947,42.708445,12.414325,12.120376,32.772718,31.130091,30.889484,36.084041,34.418230,41.206568,42.684737,0.408130,32197.67,80.16,251709127324143,660735544061,114140445634037,288819868691,8e2d7b2dc143bcba9c0514dea220c489,
AS,aom,av2,0,A1,Crosswalk,3840x2160,60.0000,10,2560x1440,110,9104.430339,42.400794,48.473410,51.809767,27.087468,19.575747,93.279729,91.191383,42.284660,43.341609,42.387676,48.464033,51.799953,0.325079,444883.52,29.27,2507623528951562,151902344325,1163831124331611,79871962376,292ee2831f0cc18b5f751fe128630f30,
AS,aom,av2,0,A1,Crosswalk,3840x2160,60.0000,10,2560x1440,135,3368.594482,41.592304,47.715319,50.707962,24.258009,18.555245,87.152601,84.772048,40.464138,42.582557,41.577509,47.708469,50.693816,0.330668,252872.97,32.82,1545890538356214,197232437904,717475367786819,96205510489,182278fbf990b79c81a268820a26150d,
AS,aom,av2,0,A1,Crosswalk,3840x2160,60.0000,10,2560x1440,160,1529.884270,40.298761,46.592244,49.133051,20.922770,17.135625,76.656905,74.142757,38.138997,41.435490,40.266259,46.581006,49.110722,0.376567,131630.52,42.07,832651605665833,273519282768,374757953042590,124264145806,e48376101b031b594c7a944eea95ef13,
AS,aom,av2,0,A1,Crosswalk,3840x2160,60.0000,10,2560x1440,185,719.273342,38.415338,44.962065,47.052545,17.465922,15.336791,61.342396,58.951793,35.440122,39.780943,38.361746,44.944742,47.020499,0.401036,70763.75,49.83,429116455216217,309516241549,188577892569102,137619364484,9ee1f008d7e25119ba03bf7836881262,
AS,aom,av2,0,A1,Crosswalk,3840x2160,60.0000,10,2560x1440,210,336.630754,35.915489,42.801625,44.445599,14.070864,13.249679,42.968398,40.880448,32.452089,37.545970,35.840437,42.777822,44.409860,0.411184,38001.50,49.77,232629545944578,318632487199,102009212587855,136803993414,49140fb3f21e3229b931f874eae9d3a3,
AS,aom,av2,0,A1,Crosswalk,3840x2160,60.0000,10,2560x1440,235,156.331054,33.009823,40.333271,41.584627,10.968604,11.087336,24.212461,22.776941,29.362329,34.952205,32.921554,40.310346,41.526556,0.484242,21879.64,44.66,138296779870001,304327788283,58999918889988,122796351300,8d4bf3dae6ee8578074b1310d0d591d4,
AS,aom,av2,0,A1,Crosswalk,3840x2160,60.0000,10,1920x1080,110,5784.282179,42.085943,48.160354,51.415976,25.973019,19.172872,91.006092,88.746087,41.556001,43.044737,42.075599,48.153898,51.405610,0.361998,221256.26,18.23,1247248907153188,94609578921,577024216466332,49417787352,7c9a19fd7f39174a563f010269716ae8,
AS,aom,av2,0,A1,Crosswalk,3840x2160,60.0000,10,1920x1080,135,2429.590102,41.131669,47.308451,50.177112,22.983498,18.031034,83.660010,81.105631,39.576035,42.178491,41.111436,47.300746,50.160966,0.393187,143495.65,21.44,816205003044758,121418808730,375275114511368,58137414362,b2b1b42e4bd491ad7c8d0dd97b98af34,
AS,aom,av2,0,A1,Crosswalk,3840x2160,60.0000,10,1920x1080,160,1112.893261,39.624410,46.044324,48.488662,19.583556,16.470406,71.446367,68.831262,37.111542,40.874152,39.583723,46.030644,48.461899,0.435939,76766.83,25.61,476024142814002,167125463411,216734051323896,75188831040,8bbb77c1108812e7794b8b1812fe9d7f,
AS,aom,av2,0,A1,Crosswalk,3840x2160,60.0000,10,1920x1080,185,522.448628,37.530336,44.299636,46.259601,16.177549,14.577239,54.625493,52.268710,34.335485,39.046414,37.468405,44.277822,46.221169,0.477106,34573.27,23.35,260663060093215,182544442696,119158703309746,83408317100,d94deecb92ce862fe102264663548937,
AS,aom,av2,0,A1,Crosswalk,3840x2160,60.0000,10,1920x1080,210,242.497195,34.862260,42.255063,43.806029,12.894801,12.454628,35.311401,33.406950,31.319635,36.753904,34.782130,42.230816,43.749341,0.511785,24275.65,27.04,151659702414394,176721245388,64478631323528,74191518504,9d7f19dd648c55e857b132aea538d0c1,
AS,aom,av2,0,A1,Crosswalk,3840x2160,60.0000,10,1920x1080,235,110.474141,31.900867,39.651581,40.899526,9.982293,10.359685,17.823575,16.632649,28.257243,34.009338,31.816351,39.632744,40.853742,0.586135,14776.68,25.56,92056347763171,173762195488,39548627166536,69977191253,5e3a1dba965d3e1df9aa0c81ccb9e70b,
AS,aom,av2,0,A1,Crosswalk,3840x2160,60.0000,10,1280x720,110,3283.228771,41.493243,47.590823,50.718682,24.275280,18.481891,86.005583,83.583574,40.312713,42.527646,41.480027,47.583505,50.704926,0.390904,157356.58,9.51,835619331570401,50234157485,409518153227707,25493561970,eb95e8d524e3677c6f3f7c1f39a8994e,
AS,aom,av2,0,A1,Crosswalk,3840x2160,60.0000,10,1280x720,135,1541.437025,40.316961,46.600899,49.304775,21.133358,17.174972,76.573361,73.940098,38.177251,41.496661,40.287232,46.589603,49.281819,0.430263,63819.78,8.74,448392798141340,60785290853,217319289320134,30605811745,2fb987544d279386e1e2437fb8efed15,
AS,aom,av2,0,A1,Crosswalk,3840x2160,60.0000,10,1280x720,160,713.054330,38.512323,45.143301,47.323550,17.704439,15.444108,62.394914,59.739720,35.569243,39.942633,38.460568,45.125201,47.288595,0.487703,48781.35,13.16,275605260619000,78981734376,127429333570539,35825345908,9e5c13800141704778d7b92645863602,
AS,aom,av2,0,A1,Crosswalk,3840x2160,60.0000,10,1280x720,185,334.152002,36.143644,43.282028,45.122901,14.368584,13.431160,43.580741,41.450643,32.720217,37.912040,36.070213,43.258593,45.081787,0.545526,27510.85,13.61,161560858360627,84369767652,72131318999073,37146854620,28e44262036b24798fcd504f2e46d92c,
AS,aom,av2,0,A1,Crosswalk,3840x2160,60.0000,10,1280x720,210,153.630984,33.315164,41.069052,42.593300,11.310948,11.334166,24.816245,23.277718,29.702275,35.429202,33.229296,41.041089,42.542792,0.645108,14516.71,11.88,94696577236922,83173451975,41147479593516,34783593439,f078c202089ca8c74fe767e4ecf8b53e,
AS,aom,av2,0,A1,Crosswalk,3840x2160,60.0000,10,1280x720,235,69.799739,30.335868,38.586354,39.770766,8.724660,9.401931,9.263373,8.533222,26.722180,32.632892,30.250759,38.553969,39.707503,0.781927,9593.91,11.60,60193203426978,80368917091,25481990733365,31521621778,823daec1b3b79b5725777a8897d3b16f,
AS,aom,av2,0,A1,Crosswalk,3840x2160,60.0000,10,960x540,110,2411.006839,40.904306,47.125849,50.113883,23.024515,17.861511,80.017555,77.548427,39.170926,42.076250,40.885461,47.115717,50.095548,0.431617,100223.05,5.80,518658593205080,29867457698,260720175003912,15496393716,7c7d0c7c70f979f191013c450347919b,
AS,aom,av2,0,A1,Crosswalk,3840x2160,60.0000,10,960x540,135,1162.874049,39.619662,46.059244,48.591127,19.847970,16.497094,69.462380,66.836445,37.081434,40.941269,39.583267,46.045319,48.565027,0.483953,55392.75,6.38,291987557631116,35613564085,144195726774793,17002750565,9df5ad00a2654e572d56c1907ff95d44,
AS,aom,av2,0,A1,Crosswalk,3840x2160,60.0000,10,960x540,160,537.387536,37.651305,44.490762,46.594916,16.458280,14.700608,54.199907,51.654232,34.472061,39.250799,37.592026,44.469821,46.554563,0.551719,30101.16,7.40,173871596293039,46537313664,84436187152646,21378660217,522b00efa27a4690d5acc3bdb36f51bd,
AS,aom,av2,0,A1,Crosswalk,3840x2160,60.0000,10,960x540,185,251.615461,35.182104,42.595320,44.193097,13.287995,12.702666,35.798218,33.853331,31.653523,37.113524,35.106589,42.571534,44.142567,0.652509,14059.54,6.23,100827507888369,48140320562,47960645484716,21767563103,49f87be80e457561ec35a2193d0f361b,
AS,aom,av2,0,A1,Crosswalk,3840x2160,60.0000,10,960x540,210,113.166833,32.274097,40.350125,41.716758,10.318758,10.613316,17.825304,16.714876,28.650196,34.523801,32.192278,40.322278,41.669912,0.794762,8695.68,6.51,54168493090407,47090636419,24538557545985,18746002688,dec96c7837d95b7f54dc843303021e3c,
AS,aom,av2,0,A1,Crosswalk,3840x2160,60.0000,10,960x540,235,51.939445,29.352982,37.961054,39.004621,7.994561,8.832970,5.209110,4.732150,25.767712,31.822193,29.272922,37.924576,38.924508,0.981840,4898.43,5.71,30967510212094,44529632279,13908428729917,16517779480,763392fcbc772f802c69133224fe6338,
AS,aom,av2,0,A1,Crosswalk,3840x2160,60.0000,10,640x360,110,1482.050257,39.622761,46.239118,49.006420,20.854683,16.644455,64.712156,62.401958,36.938739,41.186036,39.588636,46.222245,48.982229,0.465315,52981.12,2.93,275054724419093,14734881375,137813498008870,7748039454,a971e3f5b78dda88e80785d5571f209c,
AS,aom,av2,0,A1,Crosswalk,3840x2160,60.0000,10,640x360,135,728.118651,38.245023,45.056833,47.361066,17.795607,15.283397,53.254103,50.937862,35.110924,39.913741,38.196737,45.036453,47.327352,0.529205,30841.89,3.31,163670575296024,18171838161,80245005093727,8743848436,2adc52433f7680a82834480cadcfdc7e,
AS,aom,av2,0,A1,Crosswalk,3840x2160,60.0000,10,640x360,160,339.504188,36.132953,43.363401,45.212925,14.557360,13.469070,37.481865,35.483665,32.654474,38.013299,36.061290,43.340936,45.175647,0.635615,14946.99,2.91,106697022034208,22111808430,50839732700384,10082798396,ddeb263b4789257bcb1a648499bd854f,
AS,aom,av2,0,A1,Crosswalk,3840x2160,60.0000,10,640x360,185,158.481518,33.577762,41.385476,42.840543,11.621426,11.538189,21.205425,19.918212,29.958169,35.721786,33.492589,41.360363,42.783635,0.784340,11453.97,3.45,64518884373442,22264887733,29867091565644,9210707131,7a239a58c7aaea206088f1c38da995f0,
AS,aom,av2,0,A1,Crosswalk,3840x2160,60.0000,10,640x360,210,71.053869,30.675546,39.042232,40.227722,8.997662,9.610889,6.977719,6.468858,27.063047,33.047505,30.596155,39.007434,40.161458,0.973394,5846.43,2.96,36770634762478,21761849537,16445848904868,8475376467,dc3bb9e32e398e3ec427b992c44fddda,
AS,aom,av2,0,A1,Crosswalk,3840x2160,60.0000,10,640x360,235,33.145931,27.830948,36.796529,37.781546,7.041465,8.050646,0.954147,0.893620,24.290084,30.363519,27.752406,36.752045,37.714799,1.159207,3733.11,2.79,22737174419306,20449463995,9805533825189,7485442785,2beba22f37a961ac28c4e46af9f705ff,
AS,aom,av2,0,A1,FoodMarket2,3840x2160,60.0000,10,3840x2160,110,26742.964113,43.155293,49.187121,49.395802,32.334360,22.882535,99.971705,99.963601,44.713140,44.222525,43.052373,49.091620,49.295102,0.009340,902963.48,79.42,5043110578530188,365202939200,2356919595894446,216592049383,6c0e8024d3aa5702786a3c40bd290065,
AS,aom,av2,0,A1,FoodMarket2,3840x2160,60.0000,10,3840x2160,135,11441.104127,41.733315,47.418706,47.556658,29.144447,21.075976,99.960263,99.948312,41.611136,42.744922,41.661215,47.339684,47.464185,0.009824,641048.13,75.60,3618670487858350,410213516467,1679614749927307,206969638981,aeb4766773e3a55bc5fabc87b3159ad5,
AS,aom,av2,0,A1,FoodMarket2,3840x2160,60.0000,10,3840x2160,160,5188.396834,39.479922,45.149575,45.198576,24.988527,18.469208,98.964089,96.836084,37.626968,40.609070,39.401231,45.069953,45.095284,0.013349,340774.00,75.98,2491485397808039,514028964630,1175339438448701,275231994464,7488de5fe26e2b9aea82867e47a99ca5,
AS,aom,av2,0,A1,FoodMarket2,3840x2160,60.0000,10,3840x2160,185,2395.049873,36.591519,42.590781,42.548264,20.480243,15.395975,85.355563,82.862973,33.474295,37.980088,36.502824,42.503917,42.431213,0.014816,266888.63,94.69,1583536768393616,569422705600,709869150541562,264126496083,6cbab5708fc6f2cf1ec51d4d0f5460a6,
AS,aom,av2,0,A1,FoodMarket2,3840x2160,60.0000,10,3840x2160,210,1073.196342,33.396481,40.054190,39.920602,16.035711,12.250294,64.412579,62.357895,29.529313,35.145481,33.299691,39.966272,39.797068,0.024097,164815.89,99.10,1016077614011844,604037646481,443503418569729,276672823867,054d33f27cae0ea6cd9750c2561c36c4,
AS,aom,av2,0,A1,FoodMarket2,3840x2160,60.0000,10,3840x2160,235,455.537078,30.194847,37.444827,37.246158,11.978368,9.350281,41.818023,40.571528,25.969495,32.223823,30.095517,37.356543,37.133081,0.066616,95381.21,96.63,599652443232980,626642817273,257093503032517,268650896723,ede6e3864e4cb04bb904a65bf2ff0bf4,
AS,aom,av2,0,A1,FoodMarket2,3840x2160,60.0000,10,2560x1440,110,15690.153539,42.266551,47.875160,47.916730,30.556720,21.857165,99.963249,99.952844,42.925840,43.256328,42.192059,47.775021,47.797277,0.009943,413056.99,36.30,2250405931482345,184045566381,1078601710034490,97768213182,8831ca2a4d9fd289f1215473dcf94060,
AS,aom,av2,0,A1,FoodMarket2,3840x2160,60.0000,10,2560x1440,135,7278.176593,40.508249,46.036293,46.047719,26.915186,19.684935,99.945985,99.726617,39.417605,41.554307,40.434483,45.947480,45.936562,0.012120,350184.79,38.01,1925823160405770,198644651906,917599392872487,103065464937,e2e2e7125f24f653ea7aafd7ca77d644,
AS,aom,av2,0,A1,FoodMarket2,3840x2160,60.0000,10,2560x1440,160,3331.726735,37.900851,43.678520,43.643028,22.535502,16.790462,92.861588,90.129008,35.293188,39.166950,37.814585,43.590330,43.523535,0.014225,258045.03,42.20,1461520797427440,240012673323,679051596407807,115607368700,7de83507be9fa34c40389c700bb288a0,
AS,aom,av2,0,A1,FoodMarket2,3840x2160,60.0000,10,2560x1440,185,1513.421963,34.871990,41.188580,41.088251,18.056735,13.687841,75.080567,72.581279,31.294775,36.466754,34.774805,41.095944,40.961453,0.018622,163636.60,46.25,955436274403347,274999476798,432524714954772,127060158927,82ac1cbc2b8d315fe52a98d538592810,
AS,aom,av2,0,A1,FoodMarket2,3840x2160,60.0000,10,2560x1440,210,658.853762,31.657817,38.785226,38.588702,13.778400,10.646660,52.243170,50.472404,27.564493,33.632430,31.555885,38.691778,38.454122,0.048950,74953.64,37.85,570179294898087,301596241075,260277391928843,135547076434,0166e58019b4eaee8cf72b05292eea09,
AS,aom,av2,0,A1,FoodMarket2,3840x2160,60.0000,10,2560x1440,235,267.705218,28.552162,36.357900,36.002906,9.965772,7.960186,31.837555,30.928272,24.271383,30.789664,28.449313,36.262476,35.863949,0.121120,50091.92,39.90,335738331592533,295922557669,143518867729269,117486941431,3f351c04da9e6a29361f3c65dac049c5,
AS,aom,av2,0,A1,FoodMarket2,3840x2160,60.0000,10,1920x1080,110,11284.953815,41.202068,46.514417,46.520225,29.010500,20.792743,99.952233,99.939321,41.225738,42.223245,41.120541,46.401859,46.367518,0.011776,192370.18,17.90,1334594678435882,106884398115,655412778655077,62715015730,d58796dd9a99edaa370e0c543738bfc3,
AS,aom,av2,0,A1,FoodMarket2,3840x2160,60.0000,10,1920x1080,135,5345.996772,39.318699,44.743171,44.717446,25.177587,18.469380,99.088940,96.655009,37.645540,40.438995,39.237841,44.646293,44.582211,0.015302,233247.39,21.85,1271524304987618,114446422842,608987113674416,58895317446,3bf993d7dbdaa66b60585702e611b1f9,
AS,aom,av2,0,A1,FoodMarket2,3840x2160,60.0000,10,1920x1080,160,2431.932375,36.629104,42.487781,42.412590,20.748768,15.512110,86.271558,83.496498,33.603572,38.020107,36.538966,42.395117,42.278232,0.019364,175700.14,24.58,978196906015300,137592957428,460137161534185,66827237862,ba272797eb73cfc0a690a3e88a546119,
AS,aom,av2,0,A1,FoodMarket2,3840x2160,60.0000,10,1920x1080,185,1086.268808,33.589331,40.142833,40.006982,16.375739,12.469675,66.309954,63.952174,29.766059,35.338188,33.486936,40.045884,39.868404,0.031819,111240.84,26.07,648067190869910,155305207922,292643062422274,71043885750,38bff267be4db62267653f2c1d8f7e97,
AS,aom,av2,0,A1,FoodMarket2,3840x2160,60.0000,10,1920x1080,210,458.425267,30.437268,37.891374,37.583252,12.263523,9.568204,43.683541,42.204557,26.239176,32.559830,30.330162,37.787019,37.450106,0.102948,59585.42,26.67,357964689189782,170316444139,156828199818072,72821032547,fbb675dc3e5a61af7f5ee602d660073c,
AS,aom,av2,0,A1,FoodMarket2,3840x2160,60.0000,10,1920x1080,235,180.152156,27.420632,35.613436,35.216630,8.613606,7.046621,25.419494,24.780510,23.145944,29.817791,27.316219,35.512259,35.088069,0.180132,35303.18,25.08,219473000882534,171425795970,93300241523561,68508952046,4206022a2c649bb1e593e68393ec3702,
AS,aom,av2,0,A1,FoodMarket2,3840x2160,60.0000,10,1280x720,110,7010.814416,38.632146,44.173569,44.374332,26.465015,18.498948,98.217071,95.813718,37.239409,40.142181,38.463557,44.038656,44.176344,0.011542,269429.99,11.10,1394555565391205,53554673332,701546845610867,29510211156,93c580772bebc3a940c941fce86e6f9a,
AS,aom,av2,0,A1,FoodMarket2,3840x2160,60.0000,10,1280x720,135,3368.129716,36.987230,42.635595,42.763412,22.580177,16.328213,89.204073,86.524111,34.420028,38.467674,36.859384,42.518624,42.597150,0.016046,131856.98,9.12,904071681235726,60832947970,448798276914442,31663292833,d0b2cbd489adebb4751efb1615e9feaf,
AS,aom,av2,0,A1,FoodMarket2,3840x2160,60.0000,10,1280x720,160,1528.464151,34.564623,40.673154,40.679374,18.224353,13.575027,72.850402,70.365821,31.030667,36.208876,34.456843,40.565282,40.524099,0.025398,117964.29,13.23,651708997766648,73905100635,307796392056812,35437055851,e9716652553cd5a62018fa60f9c53e80,
AS,aom,av2,0,A1,FoodMarket2,3840x2160,60.0000,10,1280x720,185,665.832629,31.712482,38.635230,38.508831,14.053493,10.751398,51.826293,49.993877,27.632936,33.681830,31.602344,38.528997,38.361797,0.075578,51397.19,10.87,381903687874244,83319134578,175234432593855,38061062594,d28f7248716b31c7b0079b98bb3dfd19,
AS,aom,av2,0,A1,FoodMarket2,3840x2160,60.0000,10,1280x720,210,272.249597,28.728623,36.598807,36.284924,10.242262,8.131826,31.659812,30.750015,24.453492,31.040219,28.620590,36.493306,36.144434,0.158120,36591.20,13.17,215387618943249,83802990940,95825254306074,35672479168,bb4f7bbaee735bbc2a25a3ba4fcc1cb1,
AS,aom,av2,0,A1,FoodMarket2,3840x2160,60.0000,10,1280x720,235,101.691539,25.893034,34.502971,34.134525,6.887602,5.906264,17.910658,17.677358,21.672764,28.415062,25.797759,34.405329,34.007733,0.256163,21551.32,11.07,132564077760522,78699345478,56693753342196,29950584515,24fb6c16070ed6b1ee3b471e2a03d995,
AS,aom,av2,0,A1,FoodMarket2,3840x2160,60.0000,10,960x540,110,5131.710136,36.152039,42.535912,42.878726,24.721541,16.048856,87.247126,84.816446,33.272862,38.270785,35.905322,42.384186,42.658201,0.011644,188791.94,6.79,963858813912636,32008309669,491442281183994,17993398567,f3d2508cc74e4483c7fc729077ca81d9,
AS,aom,av2,0,A1,FoodMarket2,3840x2160,60.0000,10,960x540,135,2478.375778,34.926803,41.242298,41.445938,20.845041,14.405358,76.969335,74.558224,31.515239,36.860837,34.744016,41.117588,41.274082,0.019112,113333.26,6.89,589247238803588,35734895708,295060726514619,18244137016,55b97fcd4aeed5ef2dff6c54e515a286,
AS,aom,av2,0,A1,FoodMarket2,3840x2160,60.0000,10,960x540,160,1116.161377,32.929744,39.520107,39.561593,16.554692,12.100182,59.918384,57.833054,29.001299,34.877426,32.798107,39.410393,39.401156,0.039556,76240.61,7.85,410921899498233,43657430294,198547971694351,20819079914,f42a2fe28c27fbd1fe2de8148e16927c,
AS,aom,av2,0,A1,FoodMarket2,3840x2160,60.0000,10,960x540,185,480.464766,30.404305,37.720446,37.616112,12.586061,9.614065,40.576490,39.215412,26.175242,32.562350,30.289942,37.609329,37.468679,0.127251,42187.22,8.27,232374031106585,49238171833,109904379391718,21908975508,77c7b3571462933a6c6af51e51b9cbf4,
AS,aom,av2,0,A1,FoodMarket2,3840x2160,60.0000,10,960x540,210,190.542995,27.631786,35.805736,35.467829,8.959099,7.250203,23.907180,23.316367,23.343400,30.046176,27.518713,35.703279,35.336233,0.236825,17703.69,5.37,128323566608057,46134960737,60326843135753,18649368945,34fc21494bfc22b1d97eb842fe578363,
AS,aom,av2,0,A1,FoodMarket2,3840x2160,60.0000,10,960x540,235,71.230923,24.993715,34.036826,33.311817,5.933723,5.284645,13.015071,12.962504,20.820682,27.630820,24.893207,33.931450,33.188689,0.350001,12300.24,6.18,72302628214984,45237038277,32199032594397,16594247747,b57b4b90795f7d7e420f31752745a420,
AS,aom,av2,0,A1,FoodMarket2,3840x2160,60.0000,10,640x360,110,2943.071698,32.736608,40.418975,40.772642,20.378894,12.613030,60.779471,58.893938,28.536516,35.524238,32.428953,40.269561,40.557513,0.010602,97275.07,3.22,500946997778321,15342219171,253260561970987,8498977882,dc0b509fd14188bd4dee631516878f6a,
AS,aom,av2,0,A1,FoodMarket2,3840x2160,60.0000,10,640x360,135,1415.238300,31.930359,39.401988,39.601930,17.407173,11.563366,50.863958,49.162883,27.628197,34.464446,31.688573,39.276173,39.428630,0.025283,44691.92,2.66,301620735707636,18023317141,151967426243377,9169271709,9aea8c47a3ccf1b4479735c013f9475b,
AS,aom,av2,0,A1,FoodMarket2,3840x2160,60.0000,10,640x360,160,642.037347,30.502140,37.941119,37.967986,13.834470,9.941655,37.055760,35.767353,26.119870,32.853353,30.333075,37.828518,37.817313,0.082040,38801.76,3.98,210266909173771,23192653495,101000071331289,10473491486,6526fb8ddd7a2e7c3e88c5157dc48edb,
AS,aom,av2,0,A1,FoodMarket2,3840x2160,60.0000,10,640x360,185,275.561976,28.449016,36.412612,36.214755,10.350124,7.986420,23.267831,22.680306,24.073111,30.876474,28.320700,36.303345,36.062598,0.183833,17870.17,2.94,129774840245131,23832862839,60779427051741,10118844865,c36133121cbcbd2929e17ea06d67f653,
AS,aom,av2,0,A1,FoodMarket2,3840x2160,60.0000,10,640x360,210,106.922001,26.014641,34.714566,34.284443,7.143080,6.032148,13.404366,13.321489,21.758770,28.588453,25.901662,34.612977,34.149936,0.337672,9658.40,2.48,72232628868610,21770405207,32874445507372,8563993949,8c212937f96e21ce796c590710ee6fe4,
AS,aom,av2,0,A1,FoodMarket2,3840x2160,60.0000,10,640x360,235,39.888727,23.603591,33.076879,32.256280,4.610154,4.426264,7.923961,8.044399,19.541975,26.304254,23.510944,32.971230,32.155745,0.441966,7315.89,2.80,43913172492530,20541698972,19113615717227,7463190296,4f419e7d26479dea2d96152ecbc1ad32,
AS,aom,av2,0,A1,Neon1224,3840x2160,30.0000,10,3840x2160,110,39466.580804,44.815271,48.699183,48.005958,28.389728,22.541674,99.976956,99.972187,43.770718,46.689865,44.733151,48.546817,47.846169,0.936492,1139496.87,67.05,5986090206129486,320711615120,2968316637827738,185819397392,dc66701d59abf3c0c242df6a70605373,
AS,aom,av2,0,A1,Neon1224,3840x2160,30.0000,10,3840x2160,135,17184.938754,41.583914,45.876064,45.024090,24.073782,19.743598,99.407227,98.642460,39.888792,44.064960,41.465474,45.793831,44.913455,1.168538,1326294.27,56.05,6984748886866973,292422776289,3458420895248191,156533162482,7a2f278759f6ddf30d75cc534f9a0b8d,
AS,aom,av2,0,A1,Neon1224,3840x2160,30.0000,10,3840x2160,160,7608.007377,38.738632,42.859605,41.819387,20.636624,17.401053,91.823486,89.528646,36.113413,41.512795,38.622086,42.761698,41.679981,1.346999,718020.90,42.60,4964287462081867,264778571392,2454630957004476,156244758009,4b0d1bf6e076861576890d8214338b35,
AS,aom,av2,0,A1,Neon1224,3840x2160,30.0000,10,3840x2160,185,3488.404519,35.811139,39.702339,38.441780,17.262816,14.989354,75.992135,73.450459,32.273721,38.787072,35.685128,39.566983,38.249596,1.580366,566977.44,44.82,3175480848583594,241415397458,1492568181916600,126296219986,b41f36655a3872fe428785308cb9eb56,
AS,aom,av2,0,A1,Neon1224,3840x2160,30.0000,10,3840x2160,210,1547.475294,32.624956,36.378761,34.819077,13.714893,12.416220,55.338325,53.117869,28.432866,35.733706,32.487303,36.208425,34.572609,1.829558,321102.74,46.21,1872720852112439,239566818158,854884806333966,130501112996,764805f9b5fea192dd5c6fd18a690571,
AS,aom,av2,0,A1,Neon1224,3840x2160,30.0000,10,3840x2160,235,663.997541,29.491944,33.047841,31.217276,10.475843,10.015262,33.115264,31.616183,24.935510,32.577957,29.363463,32.851931,30.934132,2.110278,172526.59,42.96,1063761829334283,259748474850,463219455614802,121841825425,43d42bcaff5e2d00fd52388d22399afa,
AS,aom,av2,0,A1,Neon1224,3840x2160,30.0000,10,2560x1440,110,23083.748867,42.222249,47.078375,46.245645,25.725267,20.753621,99.902463,99.625965,41.400255,44.961927,42.177011,46.988440,46.136008,1.097950,614332.43,30.46,4035224679106530,165951611981,2098493208790578,109627073344,b15ea4fff0433841072494dd611ca359,
AS,aom,av2,0,A1,Neon1224,3840x2160,30.0000,10,2560x1440,135,10529.607623,39.768158,44.301075,43.290092,22.104095,18.411471,96.147805,94.366538,37.758097,42.656101,39.686743,44.218104,43.173102,1.320703,987608.74,28.67,5247422668909666,149216117380,2581841792025911,79399420359,fb1409c3ae0e796b69ca4cb437b40c5c,
AS,aom,av2,0,A1,Neon1224,3840x2160,30.0000,10,2560x1440,160,4846.504265,37.076070,41.252296,40.061339,18.820817,16.106163,83.529524,81.021331,33.987930,40.126797,36.969183,41.136062,39.899496,1.473741,724674.43,25.29,3869882672396971,135253153315,1901433415799000,70558007548,6154f66c39cad40f9343d2b93375a071,
AS,aom,av2,0,A1,Neon1224,3840x2160,30.0000,10,2560x1440,185,2207.085222,34.081900,38.099285,36.678746,15.399380,13.622380,65.030892,62.638520,30.190882,37.331143,33.953985,37.946641,36.463253,1.650967,445462.98,21.69,2499466240981188,117434856926,1173852119505570,60600389104,0fd895835bd3c72d92d3746df7a14403,
AS,aom,av2,0,A1,Neon1224,3840x2160,30.0000,10,2560x1440,210,949.933759,30.963404,34.876259,33.135033,12.024921,11.157532,43.612851,41.705459,26.579152,34.299081,30.834663,34.702766,32.874967,1.944307,228541.92,20.44,1358336620971295,117604817659,607009604644455,57279852242,ee9bd7498f92688c226c966b11a1b699,
AS,aom,av2,0,A1,Neon1224,3840x2160,30.0000,10,2560x1440,235,392.312303,27.938542,31.798937,29.769795,9.094839,8.952121,22.405194,21.200009,23.345332,31.239785,27.822359,31.617639,29.492387,2.137696,106694.03,20.42,689388858790791,128976623115,285307026627765,57518543986,0ae0f168df78b56a831a4de66c8ac451,
AS,aom,av2,0,A1,Neon1224,3840x2160,30.0000,10,1920x1080,110,16075.700914,40.616805,45.933303,44.960194,24.095519,19.668105,98.844293,97.741197,39.765822,43.864787,40.582062,45.859711,44.863542,1.248380,488635.85,22.44,2569057535306190,101534680494,1275580685933850,61020513690,27d3538c323a36f45a5066fcf5e992e5,
AS,aom,av2,0,A1,Neon1224,3840x2160,30.0000,10,1920x1080,135,7598.518405,38.454218,43.115353,41.980640,20.799965,17.489443,91.125783,88.801281,36.200205,41.642598,38.386691,43.021928,41.851073,1.449869,659442.62,20.25,3457207719375063,90009916804,1722599801876815,55686460345,a03e816a74b3c086149afb766da16102,
AS,aom,av2,0,A1,Neon1224,3840x2160,30.0000,10,1920x1080,160,3528.293245,35.807065,40.032105,38.722911,17.506683,15.151852,75.957602,73.422651,32.441831,39.082227,35.705518,39.903083,38.544859,1.618918,475023.95,15.32,2598966478661464,80290664627,1242144421849622,42253012717,bf0796b16118a17f4af0590fdd23edbc,
AS,aom,av2,0,A1,Neon1224,3840x2160,30.0000,10,1920x1080,185,1577.616845,32.825864,36.886001,35.315457,14.080465,12.658651,56.413955,54.156550,28.733635,36.238796,32.701183,36.729008,35.093250,1.833860,298748.72,13.32,1675072532690951,70571897091,783113767764482,36814425433,563c5f5c225d58f1da212a98f489e951,
AS,aom,av2,0,A1,Neon1224,3840x2160,30.0000,10,1920x1080,210,662.477830,29.781306,33.754921,31.920016,10.871935,10.286807,34.400698,32.808320,25.301217,33.230807,29.659681,33.580254,31.658605,2.037488,149118.62,11.64,889497295176089,71947397328,392443004909639,32322325777,2b343ab436a28d8cff59291aa3e64a97,
AS,aom,av2,0,A1,Neon1224,3840x2160,30.0000,10,1920x1080,235,263.725198,26.851665,30.893635,28.746228,8.160765,8.221555,14.816722,13.926344,22.262309,30.280041,26.740255,30.725665,28.473758,2.198241,69284.91,11.98,433345048106783,75906576177,183332763407555,33547161311,e13c0e544c88f2dd6a7908179a81dfc5,
AS,aom,av2,0,A1,Neon1224,3840x2160,30.0000,10,1280x720,110,9728.978099,37.804586,43.808584,42.473589,22.134913,18.042707,91.273445,89.018358,36.234783,42.036165,37.776884,43.754051,42.397614,1.429832,543623.80,12.16,2785344949111313,50515364963,1417625159912332,32607525930,273e1e28d0427502141c838b29dbd873,
AS,aom,av2,0,A1,Neon1224,3840x2160,30.0000,10,1280x720,135,4754.257435,36.135635,41.110247,39.707209,18.982397,16.021302,78.949385,76.497720,33.340965,39.944748,36.088710,41.012303,39.575081,1.576095,393424.93,9.39,2068800320108345,43654924490,1026265318966194,25368627342,100605b44a1742201813e6f37080734f,
AS,aom,av2,0,A1,Neon1224,3840x2160,30.0000,10,1280x720,160,2202.470760,33.772433,38.140973,36.593367,15.628194,13.706261,61.867716,59.577923,30.009119,37.416551,33.690604,38.008005,36.408864,1.807957,223721.02,6.74,1506514818818610,38730535922,762820896728537,23939554773,eba292b6380a30c98f55af4f22147dbe,
AS,aom,av2,0,A1,Neon1224,3840x2160,30.0000,10,1280x720,185,964.179205,31.012417,35.148157,33.378369,12.313508,11.328969,42.141236,40.324344,26.680151,34.637310,30.905802,34.992782,33.148763,1.983883,136526.32,6.26,955774599490614,34595368123,465716615752367,22405360929,8febbb8e549f167212bb49b306466b78,
AS,aom,av2,0,A1,Neon1224,3840x2160,30.0000,10,1280x720,210,391.677861,28.151553,32.274782,30.213268,9.368801,9.136733,21.472101,20.403943,23.590582,31.699667,28.043284,32.112004,29.950190,2.058626,87484.81,5.91,509381795136660,34326801410,228776017024497,16376217043,00a6f45dacc25eb85d9d5a46e3f12aee,
AS,aom,av2,0,A1,Neon1224,3840x2160,30.0000,10,1280x720,235,146.410513,25.347074,29.778696,27.389000,6.992289,7.284874,5.377064,5.025801,20.808986,28.895909,25.247946,29.622716,27.125423,2.221241,29943.58,5.10,237674677948621,39422067372,102730941283673,18376053344,b43676bc581863657a9e3a4f07937a96,
AS,aom,av2,0,A1,Neon1224,3840x2160,30.0000,10,960x540,110,6868.162607,35.644751,42.025453,40.312579,20.911498,16.548156,79.133595,76.738361,32.904218,40.564482,35.616135,41.980475,40.245498,1.564800,292340.65,6.66,1915503576942644,31466167341,994899005311042,23217481248,d67f4f6376369323c0c785920aa5cf57,
AS,aom,av2,0,A1,Neon1224,3840x2160,30.0000,10,960x540,135,3441.907631,34.379425,39.597165,37.952787,17.783200,14.803984,66.548242,64.219185,30.930456,38.656569,34.343483,39.509629,37.836017,1.725763,207813.44,5.44,1390484503845347,26951292722,707401053761753,19051889958,3160a8c846eccde2823c3b25447c18b1,
AS,aom,av2,0,A1,Neon1224,3840x2160,30.0000,10,960x540,160,1570.029355,32.315792,36.778760,35.056143,14.354391,12.635165,49.740240,47.754799,28.209939,36.220770,32.250717,36.650993,34.881182,1.974708,186312.97,5.11,988151290127960,23480033067,485627377457775,13801989974,9d3ba5448fb229cd90f42e4111c4213a,
AS,aom,av2,0,A1,Neon1224,3840x2160,30.0000,10,960x540,185,689.581803,29.838076,34.000764,32.091422,11.215861,10.464651,31.669205,30.261645,25.357647,33.553864,29.747643,33.852679,31.868249,2.191813,113230.52,4.01,614254721127154,20859613050,295157052066234,10870440494,e2255c0321df23ad115bfc253d99b8b9,
AS,aom,av2,0,A1,Neon1224,3840x2160,30.0000,10,960x540,210,272.950434,27.098553,31.368864,29.183913,8.456689,8.418706,12.967559,12.302538,22.521346,30.767727,27.000824,31.219457,28.935152,2.288612,54889.48,3.64,305288048435524,21109483547,143234031949310,9953996404,016c3b97e03c50bbed9b6556d1b2800d,
AS,aom,av2,0,A1,Neon1224,3840x2160,30.0000,10,960x540,235,98.085914,24.414795,29.060306,26.602338,6.317088,6.725131,2.188363,2.073671,19.928520,28.046171,24.321702,28.917701,26.337252,2.432360,15919.51,3.04,118947165021664,23151044170,54482877182007,10851199011,b82760fd85bc7352e7d67aad3c066c54,
AS,aom,av2,0,A1,Neon1224,3840x2160,30.0000,10,640x360,110,4078.814109,32.820065,39.234515,37.128902,18.519214,14.260381,53.440928,51.563015,28.756733,38.267209,32.790587,39.190856,37.057926,1.651478,146130.64,3.34,966950511452688,16121957174,497470057214260,11572873430,77f2d2b43b207fb7e302a5d7e19918cc,
AS,aom,av2,0,A1,Neon1224,3840x2160,30.0000,10,640x360,135,2059.186352,31.891942,37.227600,35.299300,15.548258,12.858662,42.309351,40.621537,27.590301,36.585983,31.861676,37.147731,35.189107,1.833471,130035.62,3.05,729892310652392,13548141729,364763446553283,8736288942,fe8992bd708f630a97251d9f94f04884,
AS,aom,av2,0,A1,Neon1224,3840x2160,30.0000,10,640x360,160,932.575117,30.230510,34.774546,32.812576,12.374864,11.044540,28.659256,27.394091,25.696135,34.354918,30.181462,34.655050,32.643479,2.113695,100655.10,2.65,533832810204382,11472517417,262310508408657,7064958208,eaa1c564884c73afe80c7d411c4b42cb,
AS,aom,av2,0,A1,Neon1224,3840x2160,30.0000,10,640x360,185,401.987551,28.063727,32.324819,30.241509,9.571438,9.183939,14.777964,14.072352,23.439730,31.863740,27.991117,32.186215,30.025997,2.315783,61331.67,2.09,334860511147733,10214121352,159823593450936,5590992250,d2473fe5257acff839b58fabb3783078,
AS,aom,av2,0,A1,Neon1224,3840x2160,30.0000,10,640x360,210,151.864136,25.515097,30.066404,27.683741,7.180196,7.399373,2.720028,2.629800,20.962390,29.243587,25.427372,29.933231,27.435133,2.351222,28778.18,1.74,164117269782846,10440909697,74991412043058,4734067822,853da94cc2ba4ec3071c5448588595db,
AS,aom,av2,0,A1,Neon1224,3840x2160,30.0000,10,640x360,235,51.767924,23.096567,28.013323,25.490919,5.470874,5.997671,0.279872,0.278667,18.703913,26.779476,23.018609,27.866074,25.221321,2.683110,8284.53,1.41,63560429232962,11321289559,28283177553552,5012344835,1f404a68234a50db97648585fb2ecd2c,
AS,aom,av2,0,A1,NocturneDance,3840x2160,60.0000,10,3840x2160,110,48156.989538,46.368107,43.851366,48.894462,27.028773,21.894624,94.101960,91.794951,43.425048,45.021216,46.287124,43.781254,48.836268,0.478192,1405160.38,95.48,7477370904375983,447703365728,3659598630122800,258588736089,dea487bb7160a5c326ee3a9f5b86beeb,
AS,aom,av2,0,A1,NocturneDance,3840x2160,60.0000,10,3840x2160,135,20130.768000,43.223550,41.986522,47.401695,22.971501,18.785671,85.016583,82.543767,39.569828,42.915407,43.143692,41.945286,47.364960,0.621957,1311904.43,95.59,7040205076794217,431467729105,3423801358631364,261295951908,5048eb9e6195140137841e8d72688258,
AS,aom,av2,0,A1,NocturneDance,3840x2160,60.0000,10,3840x2160,160,8399.926154,40.064898,40.371132,45.868989,18.938723,15.720324,69.146467,66.830830,35.930611,40.952682,39.971412,40.344314,45.842574,0.471478,831209.48,94.10,4661019937478728,493769440089,2179132021937008,258372355302,7fe91e3d3f9fc5d259fbda2d97087c7b,
AS,aom,av2,0,A1,NocturneDance,3840x2160,60.0000,10,3840x2160,185,3319.960615,36.845000,38.728267,44.274539,14.817487,12.565024,46.709313,45.208008,32.415211,38.899822,36.736944,38.702486,44.251946,0.412711,414726.14,99.80,2477380599218134,574996593948,1098912764816230,273858572495,05de51bb25441285867f00cdcefb3c87,
AS,aom,av2,0,A1,NocturneDance,3840x2160,60.0000,10,3840x2160,210,997.787077,33.639185,37.040016,42.660605,10.526316,9.444781,22.059364,21.515269,29.102920,36.761887,33.532340,37.016188,42.644429,1.098452,170957.41,104.11,1028711763153888,630587241729,455287484615384,289329657392,32662c66df9840cdbde710cf05ef8cba,
AS,aom,av2,0,A1,NocturneDance,3840x2160,60.0000,10,3840x2160,235,233.051077,31.618697,35.696272,40.964707,7.941858,7.643755,8.305217,8.131527,27.129102,35.022959,31.569005,35.683056,40.950559,1.282248,64415.46,84.25,402326075464477,550189518241,173458698900982,233461085622,054d9303537fbf041bb434e0f1bdde7c,
AS,aom,av2,0,A1,NocturneDance,3840x2160,60.0000,10,2560x1440,110,29156.204308,44.512884,42.446815,47.848236,24.660023,20.041638,89.564836,87.207490,41.122456,43.603982,44.440185,42.409584,47.808906,0.616431,794036.23,49.44,4377958307566485,223769343641,2228014736822664,143317937976,eb070fd66d6075c6ca9a26efb53d47ab,
AS,aom,av2,0,A1,NocturneDance,3840x2160,60.0000,10,2560x1440,135,12168.956308,41.386216,40.950581,46.530674,20.683258,16.996062,77.117334,74.605454,37.426902,41.715620,41.302603,40.923895,46.502492,0.682187,915552.29,44.36,4749029193876967,212666213351,2390652984203302,119653544607,37c5bf91583fdf40800a078e9e4a27aa,
AS,aom,av2,0,A1,NocturneDance,3840x2160,60.0000,10,2560x1440,160,4946.267077,38.230532,39.450699,45.005132,16.680283,13.948984,57.613938,55.476681,33.909704,39.791525,38.132321,39.427643,44.981701,0.772999,496554.79,43.28,2905603410747919,251532011349,1398031583109342,125949897006,c2a431a6e72b621451fbff59012bc4a3,
AS,aom,av2,0,A1,NocturneDance,3840x2160,60.0000,10,2560x1440,185,1752.672000,35.073146,37.848659,43.496218,12.493562,10.840434,33.392014,32.311228,30.563564,37.765594,34.964529,37.822172,43.475668,1.072442,180741.17,40.88,1346822655469017,295734078089,621142356707583,144793191638,3e08b730713b8f44b96966c0601d5b30,
AS,aom,av2,0,A1,NocturneDance,3840x2160,60.0000,10,2560x1440,210,441.404308,32.384977,36.370447,42.048665,8.876927,8.294505,13.944787,13.587949,27.876317,35.831514,32.304827,36.350715,42.036713,1.640347,87720.14,45.13,532930617874536,286151680295,232466068530026,124910367127,6c883d8d9190e78e2c76a726c72b97a1,
AS,aom,av2,0,A1,NocturneDance,3840x2160,60.0000,10,2560x1440,235,97.650462,31.045445,35.328159,40.315663,7.328659,7.251201,6.552894,6.354584,26.606827,34.404943,31.018562,35.320057,40.302836,1.999188,40165.27,31.48,255202959849355,221636563312,107362736263097,87048340847,068e1ca15eb38ab65a822f0507f13543,
AS,aom,av2,0,A1,NocturneDance,3840x2160,60.0000,10,1920x1080,110,20500.929231,43.169092,41.188085,46.870748,22.914827,18.713068,84.986221,82.606074,39.481336,42.492392,43.098571,41.166096,46.841264,0.694113,549065.34,32.35,2832249906195955,136389962397,1430236668643765,86874556349,5dbaa497963fb7bc27efdce13cdc1488,
AS,aom,av2,0,A1,NocturneDance,3840x2160,60.0000,10,1920x1080,135,8525.401846,40.077735,40.011801,45.700003,18.979227,15.724008,69.671940,67.308596,35.935521,40.783626,39.989826,39.991407,45.675417,0.730684,608551.18,27.88,3182117985306351,131920274036,1586808061007612,74895611038,57820e8e997ba710711796cba046fb2c,
AS,aom,av2,0,A1,NocturneDance,3840x2160,60.0000,10,1920x1080,160,3298.146462,36.906664,38.677042,44.320498,14.940548,12.650560,48.048219,46.269989,32.483230,38.904766,36.802661,38.655651,44.298977,0.891255,360944.20,29.94,1950470533083203,151303021173,942476411572895,81132799254,97949c5774a56ddac9cdb2c09cedf5a8,
AS,aom,av2,0,A1,NocturneDance,3840x2160,60.0000,10,1920x1080,185,1035.592615,33.881214,37.209935,42.947606,10.879049,9.691477,24.419445,23.674008,29.349943,36.940092,33.779173,37.184961,42.931397,1.454760,140327.87,25.57,886272972157937,157691693690,396234990881806,74848795923,0484751dfb3e6be8c3efefe11026f84e,
AS,aom,av2,0,A1,NocturneDance,3840x2160,60.0000,10,1920x1080,210,238.670769,31.764916,35.996233,41.490060,8.113643,7.766948,10.535689,10.198493,27.283387,35.308698,31.711393,35.982353,41.476723,2.179366,49615.36,22.45,301071557339463,144853661539,130937638601845,62062583301,571508ad14514395e31b02c22ca08d0e,
AS,aom,av2,0,A1,NocturneDance,3840x2160,60.0000,10,1920x1080,235,51.134769,30.683206,35.081006,39.864287,6.989399,7.044335,4.412697,4.251739,26.284630,34.026696,30.666000,35.075047,39.853712,2.702654,16985.84,12.98,135244558045320,116531003298,58995015543055,46811731836,4ce41844e8170fa56ef2dd750e19226a,
AS,aom,av2,0,A1,NocturneDance,3840x2160,60.0000,10,1280x720,110,12089.073231,41.131068,39.294922,45.395157,20.643546,16.815932,75.660901,73.336650,37.111098,40.879310,41.076694,39.278240,45.370113,0.741698,478065.25,12.98,3130880787958259,67609862245,1624839554639496,45128767839,9383b661a9bb0ea09098e40bf00ab967,
AS,aom,av2,0,A1,NocturneDance,3840x2160,60.0000,10,1280x720,135,4964.769231,38.182689,38.527544,44.473415,16.684691,13.910729,56.893788,54.914845,33.827254,39.416802,38.095583,38.511607,44.450763,0.900942,357436.74,15.04,1855991006637190,69639489139,931167880846681,40142795063,86bf94ee0b99c37ffd7e8e1c905aadb1,
AS,aom,av2,0,A1,NocturneDance,3840x2160,60.0000,10,1280x720,160,1724.503385,35.108191,37.530927,43.426532,12.564659,10.890964,33.944704,32.801592,30.585965,37.688801,35.004758,37.511512,43.409097,1.251966,188843.90,13.53,1083298801076295,77022905907,529894875488536,39250150796,f728268cc2eeadf39c3d3f5b6db433f9,
AS,aom,av2,0,A1,NocturneDance,3840x2160,60.0000,10,1280x720,185,447.847385,32.521607,36.427593,42.218088,9.077438,8.429980,14.139673,13.727790,28.003278,35.949366,32.444061,36.408256,42.205464,2.006702,70104.48,12.33,403741629924193,73439008259,183157020248538,33806155245,868307455d10db7520d89d43d3a579ec,
AS,aom,av2,0,A1,NocturneDance,3840x2160,60.0000,10,1280x720,210,98.388923,31.184227,35.561777,40.802069,7.458832,7.339554,6.578698,6.358663,26.743660,34.692083,31.156434,35.551560,40.789679,2.864877,24542.15,7.97,159666839997402,57484731537,69423291707246,23590319226,bba31c3a306213c126c4719ddc90e6b1,
AS,aom,av2,0,A1,NocturneDance,3840x2160,60.0000,10,1280x720,235,26.370462,30.116971,34.710366,39.255589,6.634694,6.818229,0.554339,0.526803,25.793547,33.405514,30.100859,34.707090,39.245138,3.422620,12330.67,7.07,78650400280518,52555191373,32766357423508,19439988478,9fde6654f6587a021181170d387024b0,
AS,aom,av2,0,A1,NocturneDance,3840x2160,60.0000,10,960x540,110,8217.448615,39.277569,38.184148,44.544102,19.050269,15.104480,64.682253,62.559339,34.963614,39.716256,39.239240,38.167227,44.520971,0.743747,383130.82,9.76,1919306788100648,42048967925,997000715447400,25901838315,fed3b1441caa53dc6cd3bc99367eb8df,
AS,aom,av2,0,A1,NocturneDance,3840x2160,60.0000,10,960x540,135,3307.746462,36.770578,37.619901,43.804896,15.096155,12.557207,45.681862,44.097217,32.265868,38.475741,36.699585,37.603815,43.786747,1.014418,233145.79,8.86,1198142602714647,39692801473,607143257010798,23490816979,c30d755213e6a5d6fbe79ef98428b3e0,
AS,aom,av2,0,A1,NocturneDance,3840x2160,60.0000,10,960x540,160,1012.412308,33.930294,36.845908,42.908266,11.017320,9.764415,23.880502,23.112016,29.371123,36.894500,33.838556,36.828527,42.893927,1.578108,118280.87,7.75,634239735453331,41329480692,307898146203567,20662888255,eee85c875971e6c3795809319bfc11ad,
AS,aom,av2,0,A1,NocturneDance,3840x2160,60.0000,10,960x540,185,250.995692,31.877851,36.034093,41.789501,8.268404,7.866869,9.229137,8.957071,27.385967,35.414891,31.821135,36.019865,41.777314,2.436393,36758.26,6.07,205142343230792,38553228512,95815475642573,16416633125,cb5b4ac2a8e87f003d55fb78b8c00e12,
AS,aom,av2,0,A1,NocturneDance,3840x2160,60.0000,10,960x540,210,56.916923,30.826079,35.345201,40.475330,7.129993,7.134286,3.023262,2.943877,26.425487,34.340584,30.805150,35.336790,40.467481,3.302202,12202.13,4.02,70715450870293,28797869839,31931261605050,10963378713,63036de083dda9afaa493e6a0a13aa8d,
AS,aom,av2,0,A1,NocturneDance,3840x2160,60.0000,10,960x540,235,19.458462,29.749564,34.495266,38.850401,6.439282,6.695380,0.090354,0.078195,25.478670,33.042216,29.735071,34.489746,38.837582,3.801259,4258.70,3.73,27296408327202,29718914243,12093559142175,10948416663,04196b321e41f31202db68c4e26f22f2,
AS,aom,av2,0,A1,NocturneDance,3840x2160,60.0000,10,640x360,110,4056.155077,36.259603,37.112614,43.701941,15.759761,12.262144,39.649620,38.239965,31.548412,38.069389,36.227631,37.096079,43.681881,0.722382,133884.84,3.66,879105173642420,20752478624,454964340394226,12610138218,3f3a55f6b4cd53671749a91cb88cd803,
AS,aom,av2,0,A1,NocturneDance,3840x2160,60.0000,10,640x360,135,1455.164308,34.481763,36.732564,43.098244,12.274645,10.366947,23.884398,23.079313,29.819201,37.109101,34.430448,36.717129,43.082536,1.288358,96336.08,3.93,546020364741461,19628592487,269772743798155,11177323093,4923e1949a5b696b6df593dfbf7a5dfb,
AS,aom,av2,0,A1,NocturneDance,3840x2160,60.0000,10,640x360,160,378.974769,32.450708,36.199067,42.224841,9.088209,8.393167,9.499791,9.201233,27.899966,35.861128,32.394017,36.185058,42.213475,2.180521,45462.53,3.47,251719822199629,19503186164,118251348390399,9275783888,1b06b5a33796d269bfe3a78b1a0d9f75,
AS,aom,av2,0,A1,NocturneDance,3840x2160,60.0000,10,640x360,185,101.232000,31.247834,35.618441,41.130191,7.553947,7.392704,3.106290,2.997704,26.798060,34.761165,31.219794,35.609001,41.121168,2.949462,14814.15,2.46,85245569021814,15967824286,38583803967752,6679142114,c2000beb5c17fa7fa8b675223d512c39,
AS,aom,av2,0,A1,NocturneDance,3840x2160,60.0000,10,640x360,210,28.157538,30.270708,34.933269,39.680418,6.725418,6.878510,0.154275,0.142202,25.935184,33.704584,30.254041,34.928565,39.667796,3.712825,5927.19,1.81,35728383053712,13470265437,15499421283371,4930392039,228b527c4f60fa05eb7f376859fe0003,
AS,aom,av2,0,A1,NocturneDance,3840x2160,60.0000,10,640x360,235,12.679385,29.081813,33.926962,37.930945,6.169338,6.510202,0.000000,0.000000,24.892300,32.322815,29.059568,33.923758,37.924524,3.926145,2139.32,1.61,14216342937241,13096086271,6056284431568,4692876984,79cd6182272922bd8f16a754b985fbdd,
AS,aom,av2,0,A1,PierSeaSide,3840x2160,30.0000,10,3840x2160,110,11286.628228,44.554143,47.248089,44.611823,31.579389,23.305150,99.642690,98.793128,44.896246,44.161314,44.404390,47.155062,44.506611,0.000343,874114.51,46.78,4879369043770112,222272204343,2280087773304044,128495746742,4a0a30976c2eb4ad1d6925abdb4006c9,
AS,aom,av2,0,A1,PierSeaSide,3840x2160,30.0000,10,3840x2160,135,3646.721935,42.840260,46.260468,43.827151,27.931663,21.083471,97.984251,96.289446,41.997321,43.110329,42.590880,46.167130,43.732721,0.000723,487838.04,44.25,3509179910284424,269282370986,1665434419206049,159333068910,c02b4cb3e0bdbfcf5721d5f9d616a271,
AS,aom,av2,0,A1,PierSeaSide,3840x2160,30.0000,10,3840x2160,160,1211.184526,40.758418,45.063982,43.012191,24.089808,18.693599,92.901240,90.606676,38.908122,41.828528,40.437547,44.972945,42.919449,0.002431,250676.48,55.12,1814374030689033,366621718080,860457229230254,201207240093,6f78809feac3032315e27e267c5a0b25,
AS,aom,av2,0,A1,PierSeaSide,3840x2160,30.0000,10,3840x2160,185,433.982199,38.485373,43.389293,41.922383,20.857166,16.513260,84.236836,81.754411,35.862420,40.275824,38.177971,43.319201,41.841907,0.009126,161132.93,52.68,937099275615756,331620904429,425389170016986,146733312569,64d6504d3ed21c848b7716536ca61bf2,
AS,aom,av2,0,A1,PierSeaSide,3840x2160,30.0000,10,3840x2160,210,163.898092,36.028446,41.197594,40.340777,17.923093,14.436460,70.595904,68.114195,32.713514,38.357036,35.794596,41.154431,40.284275,0.027151,92132.86,55.86,549407842106876,395927941784,245349179123974,153036689390,a2f5c79a5624d55f5d3e9f465f205512,
AS,aom,av2,0,A1,PierSeaSide,3840x2160,30.0000,10,3840x2160,235,65.404684,33.384736,38.648990,38.383972,15.070930,12.325154,51.424581,49.288038,29.470156,36.181045,33.232158,38.624841,38.345302,0.079479,54269.74,57.56,337011926919785,420031135421,145041796053270,158037151361,bfd38a45d3cfaadb151cd6d234670722,
AS,aom,av2,0,A1,PierSeaSide,3840x2160,30.0000,10,2560x1440,110,5619.131551,43.189629,46.247348,43.444542,29.455356,21.963918,98.820101,97.242645,43.135336,43.131552,42.929852,46.130492,43.305648,0.000582,349072.31,22.09,1936890159000730,103110422014,911647879010072,60494898332,f173e0dff6b82fe11cae4b0cd7a88956,
AS,aom,av2,0,A1,PierSeaSide,3840x2160,30.0000,10,2560x1440,135,1909.280808,41.491880,45.341977,42.897145,25.783457,19.730582,95.677613,93.133951,40.229490,42.168570,41.156972,45.227174,42.765682,0.001408,305608.54,21.34,1691634418788999,109637254773,799671667350080,58680884134,033327a6e2c8f832f078c88c802eaa6b,
AS,aom,av2,0,A1,PierSeaSide,3840x2160,30.0000,10,2560x1440,160,657.825823,39.451799,44.056718,42.171015,22.282141,17.474863,88.704544,85.990190,37.233145,40.903632,39.104759,43.962016,42.061279,0.004765,175067.07,20.84,987462126811089,115246269177,458985046030062,57986030420,ec0c6efdadc4d26193a86cb238903637,
AS,aom,av2,0,A1,PierSeaSide,3840x2160,30.0000,10,2560x1440,185,247.921062,37.197939,42.207390,40.994235,19.308004,15.420704,77.837944,75.131991,34.220201,39.289780,36.920271,42.148491,40.915708,0.020248,84619.84,24.51,494060314176757,157950036253,222635537978540,67958604192,53e4bafb2b557d3f00414dd70c0a4ead,
AS,aom,av2,0,A1,PierSeaSide,3840x2160,30.0000,10,2560x1440,210,95.629198,34.651875,39.937622,39.410914,16.488087,13.365144,61.347576,58.790311,31.022869,37.313876,34.458826,39.898997,39.359996,0.060365,47751.97,24.01,295236280973431,176410164017,126248812067907,65406736074,a341f2c42f80ecb6dfdfbee6e8d3d177,
AS,aom,av2,0,A1,PierSeaSide,3840x2160,30.0000,10,2560x1440,235,38.267540,31.933257,37.469333,37.593850,13.510909,11.196968,39.756376,37.741187,27.812472,35.024113,31.818341,37.442391,37.562296,0.141742,22828.48,18.62,177519372972848,176091444211,79361099487696,66429337772,8f52c1a304a364da5eb88426b9dcb8f2,
AS,aom,av2,0,A1,PierSeaSide,3840x2160,30.0000,10,1920x1080,110,3402.140915,41.473669,45.064590,42.616766,27.869965,20.688725,96.407547,93.921552,41.419175,42.101064,41.043181,44.931561,42.465141,0.001094,263819.74,11.78,1472150929391270,56995168895,687262535419723,32141551435,3170d8abae0511eb237408fa0b4da4de,
AS,aom,av2,0,A1,PierSeaSide,3840x2160,30.0000,10,1920x1080,135,1197.603044,40.064021,44.265614,42.185430,24.318442,18.635395,91.737622,88.983559,38.743860,41.251936,39.627509,44.143366,42.046693,0.002686,304994.69,10.13,1679632324944495,51553837611,794407186494983,27623013865,173a406fb0a06e3be49f82aa5cd1c929,
AS,aom,av2,0,A1,PierSeaSide,3840x2160,30.0000,10,1920x1080,160,432.180310,38.259448,42.999567,41.456746,21.095821,16.580602,83.696778,80.917248,35.914242,40.062215,37.878174,42.907939,41.345378,0.011188,147260.37,10.15,837271040686431,58480971286,384470153999900,27938937473,fac508e57771c2bef2761ff03e8180e7,
AS,aom,av2,0,A1,PierSeaSide,3840x2160,30.0000,10,1920x1080,185,167.378300,36.097966,41.212370,40.289883,18.234455,14.598356,71.142897,68.445780,32.931140,38.466447,35.826214,41.155389,40.216548,0.038236,72792.37,11.33,429474512017000,74945930569,190687985503639,31060064995,1624f3f6a29b61b87bbb2ae1376694a5,
AS,aom,av2,0,A1,PierSeaSide,3840x2160,30.0000,10,1920x1080,210,65.059798,33.577525,38.904694,38.698435,15.430831,12.553102,52.856451,50.384778,29.750883,36.462401,33.406708,38.878260,38.647982,0.104114,42834.14,13.34,257421724949000,97683438530,112631024150935,36310765083,7bcb739d39e163c4a6b28c450c1bb28b,
AS,aom,av2,0,A1,PierSeaSide,3840x2160,30.0000,10,1920x1080,235,26.133840,30.903023,36.731871,37.109921,12.413511,10.394270,31.044240,29.266183,26.685099,34.242511,30.807223,36.714304,37.079756,0.189508,25477.77,12.73,158334974420431,96378790748,67262217139533,34550300212,c2dcf0ef7c4522a45a0446a12cb6582a,
AS,aom,av2,0,A1,PierSeaSide,3840x2160,30.0000,10,1280x720,110,1635.157667,38.223472,43.011545,41.565364,25.341312,18.263343,87.237331,84.685880,36.892702,40.307682,37.707101,42.901577,41.430107,0.001422,308940.68,4.63,1790203197572735,25024914964,864766378480127,13515867811,5f19b6ad955bb10f74c6c1d32f2e5cac,
AS,aom,av2,0,A1,PierSeaSide,3840x2160,30.0000,10,1280x720,135,602.171994,37.333267,42.374320,41.194089,22.238229,16.714339,81.361976,78.779812,35.264343,39.617270,36.856575,42.277251,41.075698,0.004979,153547.38,3.96,848845367720126,21793820122,399860433164820,10768832555,af6b9e8c34508662dd1b96ea6ccbd898,
AS,aom,av2,0,A1,PierSeaSide,3840x2160,30.0000,10,1280x720,160,233.683006,36.054210,41.299295,40.436888,19.406161,15.072405,72.027264,69.542231,33.215080,38.609461,35.671241,41.227192,40.347020,0.017196,55884.15,3.47,412041815108152,23017321866,190541520996026,12341747391,fb749f3fe59e556faa6486aae887c4c1,
AS,aom,av2,0,A1,PierSeaSide,3840x2160,30.0000,10,1280x720,185,94.306830,34.272907,39.677275,39.233090,16.699676,13.307092,57.838406,55.450043,30.726529,37.144015,34.020021,39.633550,39.170533,0.075827,36621.53,5.27,230299358124382,36608302098,103093529669933,15457101430,d6587b66d4f70f10d87bdf3a8c43d1af,
AS,aom,av2,0,A1,PierSeaSide,3840x2160,30.0000,10,1280x720,210,38.003804,31.975203,37.701081,37.832110,13.859829,11.343622,38.610681,36.635739,27.906015,35.253687,31.834221,37.673861,37.793077,0.157324,24165.38,6.24,146849561723274,44194329370,63459400762942,16882776684,6af046f33108747ee4f40201b32864fe,
AS,aom,av2,0,A1,PierSeaSide,3840x2160,30.0000,10,1280x720,235,15.230293,29.377836,35.552694,36.426427,10.769719,9.179905,18.036408,16.557093,25.067665,32.992876,29.301330,35.540260,36.398989,0.249880,15321.43,5.78,93857091513576,41314007372,40408927220552,15657461088,647e8d45b9dc608dff287eed844b33cb,
AS,aom,av2,0,A1,PierSeaSide,3840x2160,30.0000,10,960x540,110,1007.659639,35.682717,41.409038,40.784217,23.923995,15.980625,73.589670,71.322856,32.735190,38.839169,35.271438,41.330315,40.674412,0.002826,132700.91,2.27,913732191825697,13800214474,450960284100445,7980964033,d98ba4f4a5842d7afb32bf38e718d3a6,
AS,aom,av2,0,A1,PierSeaSide,3840x2160,30.0000,10,960x540,135,389.630287,35.122805,40.908950,40.444508,21.040060,14.962636,67.594513,65.378034,31.902427,38.290004,34.735169,40.838588,40.346218,0.010213,79611.42,2.13,433160503045590,11565295286,207080160976113,5761237812,455fa06ef14a557523081587285f8028,
AS,aom,av2,0,A1,PierSeaSide,3840x2160,30.0000,10,960x540,160,159.285478,34.250744,40.034990,39.747162,18.370486,13.759188,58.273066,56.154608,30.683159,37.450506,33.924055,39.979790,39.670572,0.039241,38004.94,2.12,205838999640043,12298927009,98978011632955,5747573955,3b970b1a9fe39759f0ebba5362369f60,
AS,aom,av2,0,A1,PierSeaSide,3840x2160,30.0000,10,960x540,185,65.910024,32.811284,38.654369,38.637170,15.653422,12.252738,43.775848,41.864327,28.851105,36.150918,32.588588,38.617716,38.582902,0.110692,20356.92,3.10,115386518785045,22233225524,53088054597017,8394315576,74288a6a950a0eae7508071094acea52,
AS,aom,av2,0,A1,PierSeaSide,3840x2160,30.0000,10,960x540,210,27.013575,30.815962,36.897760,37.299826,12.783801,10.463811,26.346007,24.784307,26.563593,34.353828,30.684807,36.878492,37.270106,0.190509,11550.49,3.86,66162778239026,28290522856,30227904809195,10409081056,c8bbba657e9930e13e6ba0fde5113f23,
AS,aom,av2,0,A1,PierSeaSide,3840x2160,30.0000,10,960x540,235,11.089822,28.408264,34.872100,35.961424,9.778780,8.452656,7.923817,6.864170,24.073294,32.232357,28.345943,34.859531,35.940473,0.312966,6443.45,3.42,37464121648981,25806239562,16986298670491,9254221961,0cab93ba5f5eca26e6fc75c3e7e6ca63,
AS,aom,av2,0,A1,PierSeaSide,3840x2160,30.0000,10,640x360,110,446.407300,32.449123,39.548586,39.707915,20.203677,12.909214,42.688761,40.961099,28.151862,36.776950,32.221113,39.497796,39.625855,0.006851,71013.98,1.19,385343688799083,6348987166,184636354275170,3162637961,78f89072dbf0919abaea66474363235f,
AS,aom,av2,0,A1,PierSeaSide,3840x2160,30.0000,10,640x360,135,184.548805,32.151753,39.158108,39.386465,18.296474,12.376353,37.700155,36.073941,27.811547,36.372850,31.930155,39.110403,39.312896,0.022689,31024.35,0.92,184802369336676,5523434014,86872616227193,2653985430,f03a107b7baf5dac4fc5c1c12c955072,
AS,aom,av2,0,A1,PierSeaSide,3840x2160,30.0000,10,640x360,160,81.014904,31.633954,38.446761,38.740949,16.172541,11.637118,30.154234,28.694932,27.238191,35.698668,31.435113,38.408668,38.684950,0.076849,17546.46,0.84,98652209534512,5146629367,45674393163316,2231837181,c78a86e910791d1e1353a48881566e13,
AS,aom,av2,0,A1,PierSeaSide,3840x2160,30.0000,10,640x360,185,35.156193,30.651748,37.239491,37.762020,13.731137,10.536140,18.853075,17.615422,26.199342,34.605688,30.505594,37.212199,37.718322,0.178561,10578.00,1.51,61295043325160,10669217635,27566866893775,4066966444,107d3073d10104c23d7f223b107e0ada,
AS,aom,av2,0,A1,PierSeaSide,3840x2160,30.0000,10,640x360,210,15.138078,29.073018,35.748747,36.629444,11.005031,9.061975,6.565459,5.746668,24.640753,33.073983,28.980236,35.731282,36.594998,0.291114,6473.37,1.71,38927945738853,12319574131,16916524309594,4579092014,917b1d0d95a8400ca8b88def695235a9,
AS,aom,av2,0,A1,PierSeaSide,3840x2160,30.0000,10,640x360,235,6.718813,27.133969,33.832498,35.274637,8.398908,7.422141,0.029121,0.014931,22.806052,31.056946,27.086212,33.817143,35.256707,0.357728,3415.20,1.44,21044252230487,10688319765,8978845529789,3867597871,ed8df724d67dbe4f4b738ccc21e34762,
AS,aom,av2,0,A1,Tango,3840x2160,60.0000,10,3840x2160,110,29643.712595,40.445405,49.754953,48.024207,27.477224,18.282534,97.579516,95.782082,41.395714,42.590974,40.371966,49.741833,47.995392,0.276348,1675087.53,71.96,9554994582508824,359193760873,4367548185980294,196185038855,a5bc4884253a148a1ff4eb74791100d3,
AS,aom,av2,0,A1,Tango,3840x2160,60.0000,10,3840x2160,135,10243.280412,39.817746,49.086614,46.958891,25.001413,17.415444,93.463451,91.295326,39.782541,41.918664,39.803393,49.081801,46.941941,0.422494,1022914.23,79.68,5729334492965092,435033579799,2678409594702558,217211425326,18a733d8ee3405cc724068d7d623e3f4,
AS,aom,av2,0,A1,Tango,3840x2160,60.0000,10,3840x2160,160,3773.733958,38.898667,48.044903,45.370023,22.091623,16.296813,85.674862,83.271420,37.665902,40.952384,38.890946,48.036849,45.348129,0.497345,461672.87,93.13,2870580361528049,577469909164,1313172020281307,275402826788,a038a9e25e09709331bf1aa5f43d7d65,
AS,aom,av2,0,A1,Tango,3840x2160,60.0000,10,3840x2160,185,1820.008914,37.404246,46.471805,43.204440,18.705800,14.740722,72.606259,70.232110,34.986508,39.505981,37.386152,46.455242,43.173357,0.566840,192387.08,88.10,1452244699362280,625679259657,674521892975389,316313271060,85d11332553c65da2d8bf50a8bf579d9,
AS,aom,av2,0,A1,Tango,3840x2160,60.0000,10,3840x2160,210,868.607085,35.195254,44.362649,40.639141,15.165024,12.803751,55.160459,53.036029,31.911128,37.530555,35.160906,44.337528,40.603723,0.641221,120492.15,105.47,782464485850600,682865393933,351899632505437,310159033876,a217ff04c9f91435cffa3a5b85bd8ff1,
AS,aom,av2,0,A1,Tango,3840x2160,60.0000,10,3840x2160,235,404.759548,32.481080,41.746101,37.823348,11.805993,10.712748,35.534793,34.091835,28.752672,35.063089,32.433444,41.713520,37.789874,0.763788,63536.99,115.31,393478192872293,700420786392,173179475064568,319232866624,be2c9eda2eeb5eaffa73b81fa761c8a9,
AS,aom,av2,0,A1,Tango,3840x2160,60.0000,10,2560x1440,110,13844.818566,40.047474,49.393139,47.363534,26.026039,17.752019,95.541585,93.430465,40.445899,42.176492,40.034351,49.386895,47.345536,0.405517,541464.43,35.38,3206687940142160,191901109340,1520755315525829,102883769781,44dbb788abcdf88d7e3bf3d2f897a4e8,
AS,aom,av2,0,A1,Tango,3840x2160,60.0000,10,2560x1440,135,5464.110044,39.355796,48.593423,46.118762,23.523144,16.842883,90.111918,87.645143,38.675007,41.428885,39.349817,48.587857,46.101256,0.454680,427207.48,40.47,2368757729579793,217881420876,1119468384207406,109794277887,bd21ffb645697afb723d0d62576df77b,
AS,aom,av2,0,A1,Tango,3840x2160,60.0000,10,2560x1440,160,2450.379159,38.158135,47.330911,44.265786,20.299297,15.508060,79.767772,77.067686,36.256020,40.250395,38.145908,47.320228,44.238694,0.578047,236031.24,47.84,1365504358804482,283688000110,623585789323722,130947724870,cf1edb444f93015c56d5e8a99323e1dd,
AS,aom,av2,0,A1,Tango,3840x2160,60.0000,10,2560x1440,185,1180.317529,36.310310,45.535803,41.917245,16.829440,13.746932,63.958226,61.464711,33.383580,38.543403,36.284805,45.516057,41.882360,0.618815,116008.93,47.32,743048609518981,306110529083,332069591474818,138626759917,dadae02490482a1ba66d1557fa7a2863,
AS,aom,av2,0,A1,Tango,3840x2160,60.0000,10,2560x1440,210,550.220241,33.819794,43.370238,39.331153,13.389974,11.719480,45.882503,43.766400,30.270691,36.390245,33.780156,43.342049,39.294723,0.693624,67214.85,52.92,424053167691380,324992277823,181563086964901,143848190904,913f6518a2732ff762ffb351549dff41,
AS,aom,av2,0,A1,Tango,3840x2160,60.0000,10,2560x1440,235,251.538000,30.994235,40.926206,36.574592,10.301725,9.706634,27.632389,26.291843,27.197437,33.808515,30.943878,40.887891,36.542302,0.787912,34533.50,51.70,225811520841230,331587534978,93586954474815,141828161848,18d83877422a10a9219ccf8362969309,
AS,aom,av2,0,A1,Tango,3840x2160,60.0000,10,1920x1080,110,9079.819872,39.761934,49.068806,46.732982,25.042640,17.375164,93.280533,91.034504,39.714005,41.849493,39.755451,49.063841,46.717004,0.486725,277058.45,21.86,1617165814825362,115939811985,777332424208426,63272573813,a16c4826b1a9c93cb3a22994c02e3f5f,
AS,aom,av2,0,A1,Tango,3840x2160,60.0000,10,1920x1080,135,3885.547068,38.928277,48.137626,45.343699,22.317804,16.352598,86.395603,83.808254,37.746673,40.985458,38.921422,48.130397,45.323089,0.559356,242294.13,24.08,1325886753776222,127987590105,632178150400949,65008178637,ba62e017c816925e0b033b1b6a9dbec2,
AS,aom,av2,0,A1,Tango,3840x2160,60.0000,10,1920x1080,160,1819.562591,37.496642,46.685441,43.343676,18.969992,14.856941,74.284801,71.541124,35.141992,39.636726,37.480044,46.670756,43.313211,0.684197,147624.82,27.95,838912949544401,164890494133,386818037857945,76069696911,28a75fe7d15072d50236e5ac9e8f6b29,
AS,aom,av2,0,A1,Tango,3840x2160,60.0000,10,1920x1080,185,864.372551,35.423872,44.806838,40.960513,15.524404,13.005529,57.133876,54.662871,32.207136,37.790950,35.393111,44.782294,40.924321,0.780714,78058.60,29.99,460110679980011,180858314077,205286461038645,81529651376,5e6aeb759616d3eab6c518386b86cd93,
AS,aom,av2,0,A1,Tango,3840x2160,60.0000,10,1920x1080,210,398.673327,32.805529,42.550856,38.361913,12.206897,10.970246,39.287106,37.293227,29.129237,35.506770,32.761780,42.511280,38.321965,0.871061,37182.21,28.64,244083412441743,187241729948,105796415481996,83429046971,763f171801702cc3d8febc0f88f9ec02,
AS,aom,av2,0,A1,Tango,3840x2160,60.0000,10,1920x1080,235,178.031200,29.952335,40.038574,35.700106,9.358835,9.060304,22.417527,21.244540,26.140037,32.908525,29.900302,40.012697,35.665628,0.997287,21696.46,28.45,137948524595622,186945290944,57764357241968,77830921413,412e382aa381b6d354f3628e8eaa5867,
AS,aom,av2,0,A1,Tango,3840x2160,60.0000,10,1280x720,110,5345.565204,39.163906,48.411853,45.503159,23.417548,16.705269,87.855233,85.464576,38.350597,41.219158,39.159024,48.406004,45.486024,0.554597,257415.87,11.48,1435721920149542,57222964425,721052557486481,32974232964,0aec7eff9bf549acf691371f6192b855,
AS,aom,av2,0,A1,Tango,3840x2160,60.0000,10,1280x720,135,2529.765619,38.078080,47.319048,43.957612,20.420171,15.479895,78.547034,75.882999,36.150933,40.172997,38.066554,47.308943,43.932626,0.658144,148075.58,11.76,791118772005819,61305536396,385741368855331,31446527212,294c0780e2bb6fd13a088e3a6effdddb,
AS,aom,av2,0,A1,Tango,3840x2160,60.0000,10,1280x720,160,1185.544302,36.333964,45.677177,41.868343,17.022199,13.808418,64.197044,61.521677,33.419122,38.591144,36.310076,45.658806,41.835180,0.822495,69331.67,10.87,495133491186662,78917664148,236259794780271,38219820998,8474411f28932e22942533d878c412c4,
AS,aom,av2,0,A1,Tango,3840x2160,60.0000,10,1280x720,185,553.871974,34.017122,43.687401,39.541218,13.688076,11.887862,46.510083,44.379351,30.494046,36.600506,33.980537,43.655846,39.504690,0.985526,48582.90,15.18,277729298594955,87771240598,127046081059055,40986633107,f14f85b11fdf7c9f93d155a985bb57f1,
AS,aom,av2,0,A1,Tango,3840x2160,60.0000,10,1280x720,210,248.410051,31.276095,41.547002,36.956905,10.607763,9.910766,29.641872,28.053167,27.500866,34.186632,31.228668,41.516143,36.916797,1.107708,25074.72,14.71,150443502712378,89651842643,65899340415043,39907874109,9cfc2cea01bb48de6c17ac0eaf3fd778,
AS,aom,av2,0,A1,Tango,3840x2160,60.0000,10,1280x720,235,108.548682,28.414082,39.090016,34.359646,8.089393,8.175406,12.670094,11.874654,24.617027,31.536631,28.361601,39.067703,34.326893,1.228833,10149.07,10.17,81376718142197,85687385651,34963478707826,36014887351,8cf57c32dc5b1cc6fff8ab76edb5e35a,
AS,aom,av2,0,A1,Tango,3840x2160,60.0000,10,960x540,110,3944.196112,38.487896,47.791373,44.366404,22.182608,16.060837,80.847324,78.503708,36.931218,40.598704,38.481346,47.783856,44.347809,0.629708,176465.12,7.41,894827824123423,33863622847,459242449023597,19764784255,21e7193b1c782403a0b896bea6985d76,
AS,aom,av2,0,A1,Tango,3840x2160,60.0000,10,960x540,135,1924.241912,37.285385,46.631168,42.859578,19.112879,14.763691,70.039117,67.535067,34.804978,39.481754,37.269822,46.619426,42.833993,0.751955,101514.53,7.44,523421081778435,37280137934,264311026957013,19816367057,2d969daa3a85690f4d365c40c0377000,
AS,aom,av2,0,A1,Tango,3840x2160,60.0000,10,960x540,160,895.109813,35.400482,44.925081,40.822109,15.736062,13.041223,55.102944,52.657167,32.152507,37.803364,35.371251,44.902479,40.788232,0.941824,61073.19,8.25,325602693567046,45916117054,159098286501653,22105405323,e5e233b89627553b9884e0b4c1e44173,
AS,aom,av2,0,A1,Tango,3840x2160,60.0000,10,960x540,185,415.884423,33.031385,42.845503,38.502823,12.537502,11.148738,38.288626,36.510108,29.355452,35.733082,32.991163,42.814774,38.464896,1.155335,32853.97,8.37,181633634102223,49766919262,85702955680618,22352056680,cca4e919391028104332858296bcbd6b,
AS,aom,av2,0,A1,Tango,3840x2160,60.0000,10,960x540,210,182.656728,30.288691,40.486617,35.958373,9.682319,9.275798,22.155337,21.048768,26.472022,33.249711,30.241679,40.441650,35.917779,1.276981,16535.33,8.12,93351536619913,51137615161,43273496180189,21763927588,a9449b86a05147267cde807cb8b4ee03,
AS,aom,av2,0,A1,Tango,3840x2160,60.0000,10,960x540,235,78.763083,27.425806,38.490971,33.480494,7.361634,7.648728,6.114675,5.715341,23.648714,30.608728,27.371081,38.475090,33.438584,1.307173,7739.81,6.86,45371182438490,47774060778,20370545665128,18433756049,06d60a2f1726d1e2e4988c816ebb191f,
AS,aom,av2,0,A1,Tango,3840x2160,60.0000,10,640x360,110,2502.130485,36.847786,46.543871,42.428200,19.798532,14.637768,61.255010,59.207169,33.938134,39.317244,36.839197,46.534550,42.407110,0.696498,90739.22,3.95,463680111348027,17651104529,236152574554004,10445132582,4994b4f8351bbd7102dd28c560cd3a0b,
AS,aom,av2,0,A1,Tango,3840x2160,60.0000,10,640x360,135,1234.772612,35.623276,45.333670,41.010754,16.887509,13.398675,49.652497,47.656465,32.282684,38.149366,35.604652,45.320309,40.981413,0.866971,44105.25,2.98,296620346805700,19018027759,149935322512099,10277026424,8563c8b646e897117bd359640f88f57d,
AS,aom,av2,0,A1,Tango,3840x2160,60.0000,10,640x360,160,569.817874,33.711887,43.605293,39.090724,13.739075,11.755512,35.120812,33.473239,30.030424,36.417652,33.679689,43.581289,39.052425,1.071624,36130.94,4.14,192342174460499,23138432875,94064852744861,11001082809,50c87cd803d5e64711e3327c75ce83fe,
AS,aom,av2,0,A1,Tango,3840x2160,60.0000,10,640x360,185,259.177131,31.377345,41.542523,36.940459,10.859486,10.019029,21.317900,20.315140,27.550121,34.302969,31.335406,41.510350,36.902007,1.323821,15571.43,3.25,111781460459437,24452577376,52991409343724,11229306113,ca5ef3899c87aa94fe4048e1e7b331da,
AS,aom,av2,0,A1,Tango,3840x2160,60.0000,10,640x360,210,112.451241,28.696722,39.515146,34.607474,8.364419,8.357616,8.578654,8.129562,24.882877,31.851686,28.647060,39.486212,34.570514,1.448051,7852.53,2.89,58302933582660,23842024125,26776828494026,10035989583,feb14c7cccc4c9764c15490ca1f448f9,
AS,aom,av2,0,A1,Tango,3840x2160,60.0000,10,640x360,235,47.328671,25.835359,37.203411,32.178997,6.393768,6.907813,0.164428,0.155824,22.112250,29.157975,25.785501,37.174895,32.147033,1.402999,5071.18,3.09,30510780998874,22182264459,13286128405410,8292090968,0a76739b49349ff81a8d67d89b30b2b2,
AS,aom,av2,0,A1,TimeLapse,3840x2160,60.0000,10,3840x2160,110,28937.836318,43.625926,49.771975,51.550148,31.681944,23.333385,95.189482,93.428261,45.270257,44.814104,43.526628,49.744300,51.470035,0.008420,934791.29,48.82,5092313618671344,218661477552,2436893974735699,134439015795,ddc91c181efc3a45d1b0048d8108fa79,
AS,aom,av2,0,A1,TimeLapse,3840x2160,60.0000,10,3840x2160,135,10474.324445,41.725530,48.191972,49.830706,28.007977,20.909885,92.198660,90.199379,41.647645,43.247579,41.656661,48.179448,49.784219,0.008337,845369.71,46.19,4661583754486440,231207671731,2205826962776772,128990022910,9c62c2b1e3e8a65d78284c1ebe758cbb,
AS,aom,av2,0,A1,TimeLapse,3840x2160,60.0000,10,3840x2160,160,3887.092600,39.578344,46.264607,47.738212,24.145652,18.286361,86.603340,84.350332,38.030513,41.348748,39.515766,46.256415,47.713933,0.007923,422919.78,52.09,2432924031689675,295440176580,1110606087612308,147574795544,da36ca81e5a2764e13eddcbafe709394,
AS,aom,av2,0,A1,TimeLapse,3840x2160,60.0000,10,3840x2160,185,1505.731192,37.205573,44.120506,45.460162,20.451774,15.593955,77.627825,75.074825,34.596244,39.133569,37.141486,44.111703,45.443371,0.012008,193800.39,71.65,1148432694746087,418648730561,511981870884847,199620078790,787237f6abc2fdeb2aafe25cf76c58cc,
AS,aom,av2,0,A1,TimeLapse,3840x2160,60.0000,10,3840x2160,210,565.882118,34.629736,41.835431,43.034089,16.704622,12.833047,63.497405,60.908025,31.248873,36.696451,34.556534,41.825103,43.008497,0.011724,92199.24,99.54,539715647548252,594801715529,245659261655595,276444899785,0b66d20d00dc4b049522fcb27ac64ea8,
AS,aom,av2,0,A1,TimeLapse,3840x2160,60.0000,10,3840x2160,235,206.086836,31.983862,39.481120,40.398307,13.041206,10.292630,45.556887,43.314584,28.132101,34.083847,31.903650,39.469620,40.354203,0.016790,49232.96,84.31,303276730341984,561349078452,132130066986632,231728208894,efb0c3006a998fc1216f411d902db715,
AS,aom,av2,0,A1,TimeLapse,3840x2160,60.0000,10,2560x1440,110,14995.848459,42.017887,48.449017,50.255680,29.560174,21.828906,92.983850,90.938953,43.059461,43.506807,41.950912,48.435129,50.192523,0.010103,359338.08,23.00,2062161669023642,111066021430,1009090114948155,67523756789,03350c39f3419492c5f6fa61609eeb02,
AS,aom,av2,0,A1,TimeLapse,3840x2160,60.0000,10,2560x1440,135,5788.605241,40.278767,46.945285,48.597252,25.891292,19.410024,88.840433,86.615941,39.542762,42.023185,40.216320,46.937374,48.556243,0.009093,351795.82,21.12,2040840214299526,110541664954,988325409424376,62952048961,fac0bdb12b1e5e306599e8612c266c28,
AS,aom,av2,0,A1,TimeLapse,3840x2160,60.0000,10,2560x1440,160,2239.740567,38.160051,45.039694,46.563920,22.119165,16.783143,81.675856,79.218802,36.090047,40.097208,38.097073,45.031939,46.537880,0.010424,204078.51,23.63,1149734375046867,131283307868,534654146208634,66065153690,8ffc69a6d4bf647e3c8f83af276759b5,
AS,aom,av2,0,A1,TimeLapse,3840x2160,60.0000,10,2560x1440,185,866.685315,35.771728,42.996924,44.390601,18.427541,14.082184,70.277519,67.684658,32.759984,37.888433,35.704176,42.988061,44.367603,0.014364,75263.52,23.49,558720436942899,173965226245,258916336340031,85070717516,1493141adc1400171fcba4974a1bcf15,
AS,aom,av2,0,A1,TimeLapse,3840x2160,60.0000,10,2560x1440,210,318.110197,33.187401,40.865623,42.041932,14.701324,11.424146,54.001542,51.591669,29.546337,35.447396,33.108505,40.856120,42.019349,0.015879,34925.60,28.70,268907007581706,232720475768,120940329519679,103284579110,b13d99e61506534242762f3a01a7a010,
AS,aom,av2,0,A1,TimeLapse,3840x2160,60.0000,10,2560x1440,235,114.734496,30.596710,38.546674,39.572508,11.249396,9.109652,36.556128,34.523530,26.618822,32.873736,30.507473,38.537410,39.509066,0.024834,27007.10,23.84,208395674998371,219366638541,93983923355931,84688777558,f428b7861056450a2443e627d2c9c77b,
AS,aom,av2,0,A1,TimeLapse,3840x2160,60.0000,10,1920x1080,110,9555.902559,40.398557,47.238275,49.185401,27.967850,20.430554,89.989996,87.669137,41.130313,42.246107,40.329434,47.229555,49.145816,0.013968,209004.12,14.10,1117087027302380,63750735673,544907940789598,38430591526,ab52fa6d0cead95e60f5c4e3a9b04968,
AS,aom,av2,0,A1,TimeLapse,3840x2160,60.0000,10,1920x1080,135,3812.232076,38.909301,45.828518,47.626581,24.364907,18.182791,84.980383,82.517040,37.927763,40.871493,38.845257,45.822650,47.599010,0.014748,219949.90,12.56,1180760934988612,62702480656,573497821027374,34573943454,0685a0f2ec015cdb69463edf0357b756,
AS,aom,av2,0,A1,TimeLapse,3840x2160,60.0000,10,1920x1080,160,1497.597787,36.964884,44.038481,45.725079,20.671268,15.652119,76.416945,73.855685,34.668316,39.035296,36.899046,44.031817,45.704182,0.017994,122032.84,11.58,682180812917507,65641625197,318982393454604,32388172637,4c139a762f9db0de66d77a306a91d495,
AS,aom,av2,0,A1,TimeLapse,3840x2160,60.0000,10,1920x1080,185,578.025052,34.679812,42.111533,43.620415,17.005493,13.018223,63.378198,60.811809,31.469322,36.895551,34.606256,42.102634,43.601659,0.024339,57130.90,17.04,333335635873266,98424546362,149761989699528,47414208224,e9b6a3ff7f50d99422747dba635ae784,
AS,aom,av2,0,A1,TimeLapse,3840x2160,60.0000,10,1920x1080,210,208.727887,32.161152,40.126319,41.414556,13.344914,10.482089,46.206806,44.039651,28.397489,34.589245,32.080659,40.115044,41.387355,0.031298,24124.87,13.15,186778071158579,111896527703,83166162644163,47026481837,6476681a1819e0974bddf5f6b1ff383d,
AS,aom,av2,0,A1,TimeLapse,3840x2160,60.0000,10,1920x1080,235,76.929839,29.650230,37.862786,38.765995,10.115309,8.381127,29.636443,27.864358,25.611137,32.015477,29.561837,37.850474,38.707648,0.042522,20870.19,16.28,128229138105629,119304410317,55376313581193,44169345123,07566fad332b6fc2f7b845f544026f87,
AS,aom,av2,0,A1,TimeLapse,3840x2160,60.0000,10,1280x720,110,4771.250903,37.193423,45.413884,47.628451,25.432849,17.553657,80.370233,78.015049,36.144055,39.938487,37.107602,45.406672,47.613352,0.012658,192913.09,6.19,1000943819951358,28028122149,502164463086685,16723051740,5c18337966d65488640e92568cae7c80,
AS,aom,av2,0,A1,TimeLapse,3840x2160,60.0000,10,1280x720,135,2009.128103,36.274540,44.161700,46.208858,22.129058,15.930109,74.227365,71.784114,34.371941,38.831241,36.198099,44.157280,46.193744,0.015633,109095.97,5.99,584366610140810,30309811268,284300343113363,16310995371,1c2d17fb3c270f2542204e04420af49c,
AS,aom,av2,0,A1,TimeLapse,3840x2160,60.0000,10,1280x720,160,827.040037,34.825308,42.579932,44.474138,18.581257,13.797662,63.965635,61.568857,32.027466,37.275546,34.749557,42.575537,44.459048,0.020522,60265.76,6.01,335474126429018,33119531167,157342430941663,16632080718,28c4d3c444a9e7934450f431bb8ea933,
AS,aom,av2,0,A1,TimeLapse,3840x2160,60.0000,10,1280x720,185,316.262199,32.879674,40.838681,42.539927,14.969412,11.439858,49.556795,47.433859,29.376971,35.344253,32.798503,40.831892,42.518953,0.026636,28021.58,5.04,162629563173493,31322126729,73420330182300,14076099523,9231f2c68b2a544c13d3d4c95a072fc8,
AS,aom,av2,0,A1,TimeLapse,3840x2160,60.0000,10,1280x720,210,115.254592,30.631868,38.916849,40.321928,11.529171,9.231981,33.772280,32.030432,26.713994,33.136630,30.543583,38.903654,40.290416,0.039975,16716.57,6.65,100308477436394,46166664429,44042127821470,18088779147,ef4a8ffea64c9bd2f535bdbc4fbb9adc,
AS,aom,av2,0,A1,TimeLapse,3840x2160,60.0000,10,1280x720,235,44.090064,28.304744,36.887720,38.005962,8.641229,7.399352,20.662445,19.364644,24.221484,30.810437,28.214226,36.881182,37.926060,0.086207,10641.39,6.87,65949920704713,48940375588,28187875766497,18487144246,69d0634c5d271ed23cfe79c558f0de19,
AS,aom,av2,0,A1,TimeLapse,3840x2160,60.0000,10,960x540,110,2922.149850,34.704126,43.991975,46.432987,23.971197,14.958226,67.830991,65.324872,32.005855,38.067461,34.605250,43.983881,46.425756,0.016465,109477.31,3.85,562022789731977,17645057224,284823754007899,10288679598,0ff91c137e173f272906e8d0a658ad1d,
AS,aom,av2,0,A1,TimeLapse,3840x2160,60.0000,10,960x540,135,1281.341428,34.139968,42.906422,45.168494,20.782885,13.924354,61.391328,58.906973,31.139985,37.195962,34.050441,42.901831,45.160304,0.020578,56883.89,3.90,298574539187388,19259157155,148015841377969,10475462584,7fb737dee5c8c5e358ab9e2431f71821,
AS,aom,av2,0,A1,TimeLapse,3840x2160,60.0000,10,960x540,160,543.757781,33.114675,41.552236,43.527326,17.221013,12.323688,50.915765,48.591738,29.704534,35.905854,33.028961,41.548950,43.516244,0.024328,29362.01,4.46,159290998671846,24827567025,76443381084420,12057455635,468857d542dfda521c65a85d948213df,
AS,aom,av2,0,A1,TimeLapse,3840x2160,60.0000,10,960x540,185,210.354569,31.534109,40.023733,41.806432,13.630137,10.327458,37.055641,35.110197,27.734097,34.256756,31.446603,40.019705,41.789895,0.030727,13408.76,3.79,80095517296223,24730465186,37640851929518,11005508778,a7bc0f16b2bd09c68a3740784cd8c519,
AS,aom,av2,0,A1,TimeLapse,3840x2160,60.0000,10,960x540,210,79.441789,29.590288,38.211271,39.511140,10.421093,8.458934,24.120191,22.697184,25.545294,32.266116,29.499671,38.199340,39.464361,0.048507,8895.98,3.92,51600299086649,29094699972,23280073642451,10566871069,2421f4f3b72ec55a7b3c14570f38ca7e,
AS,aom,av2,0,A1,TimeLapse,3840x2160,60.0000,10,960x540,235,31.408591,27.435307,36.395683,37.677753,7.767387,6.825257,13.499668,12.639654,23.337831,30.015529,27.352955,36.391111,37.602289,0.096110,4659.63,3.74,27680214206825,27325613304,12274369240074,10049653115,2ddf89b9f888eb2a829b18e0ee639442,
AS,aom,av2,0,A1,TimeLapse,3840x2160,60.0000,10,640x360,110,1345.047568,32.078333,42.563094,45.013222,20.426487,12.138165,43.265659,41.148292,28.126978,35.921952,31.977600,42.556688,44.998790,0.016763,42748.45,1.73,221106944639489,8080415073,111229515705058,4593837433,f4e8bc577baeb240198e647f034ada72,
AS,aom,av2,0,A1,TimeLapse,3840x2160,60.0000,10,640x360,135,627.205410,31.738537,41.617706,43.898261,17.969032,11.529021,37.672930,35.697394,27.727289,35.270914,31.644447,41.613840,43.887609,0.023313,18352.79,1.51,126911734814580,9801243723,62383991839086,5212159589,0bc00dac4dd37e2cb3444098b4ad914c,
AS,aom,av2,0,A1,TimeLapse,3840x2160,60.0000,10,640x360,160,275.488204,31.020465,40.342513,42.421571,14.872206,10.426621,29.024673,27.325672,26.925597,34.214758,30.930582,40.339417,42.408029,0.027180,13162.67,1.84,72194803421437,10288046807,34272761908317,4996638983,be36611075f6f8b2461665bb15975ecc,
AS,aom,av2,0,A1,TimeLapse,3840x2160,60.0000,10,640x360,185,110.647506,29.792823,38.912009,40.704925,11.695521,8.917863,18.992074,17.756912,25.623017,32.769307,29.699918,38.906486,40.682623,0.040105,8085.48,1.44,46169369031148,9724709073,21076303798197,3919973856,d352659e7967e376fc9980f1128f92e2,
AS,aom,av2,0,A1,TimeLapse,3840x2160,60.0000,10,640x360,210,44.920003,28.158708,37.153317,38.672562,8.881580,7.411469,11.246704,10.396638,23.980933,30.905715,28.071430,37.142340,38.615395,0.087508,3482.79,1.34,26320408093195,12334488189,11896635305107,4706762628,6b3453f20021349219fd46b797d100b8,
AS,aom,av2,0,A1,TimeLapse,3840x2160,60.0000,10,640x360,235,19.269346,26.167827,35.577398,37.062106,6.618128,6.041358,3.891610,3.415913,22.080280,28.862037,26.090454,35.564784,36.984399,0.177656,1765.21,1.27,13978035086861,11972888832,6059170911824,4420753666,9718b730ea6746f93152f02fce957b43,
