tag,cfg,class,psnr_y,psnr_u,psnr_v,overall_psnr,ssim_y,ms_ssim_y,vmaf,vmaf_neg,psnr_hvs,ciede2k,apsnr_y,apsnr_u,apsnr_v,overall_apsnr
libaom-v3.12.0-constrained,AI,A1,1.597375,-1.760975,-1.8415875,1.228175,-0.4835625,1.0826375,-4.6853625,-6.51335,0.46768750000000003,0.20666250000000003,1.5956375,-1.76095,-1.8358375,1.327275
libaom-v3.12.0-constrained,AI,A2,0.8642473684210527,1.9782842105263159,2.7128894736842106,0.9849789473684211,-0.047436842105263125,-0.5318736842105264,-3.1880947368421055,-2.647478947368421,2.230573684210526,3.8753736842105266,0.8579473684210527,1.9780315789473684,2.713894736842106,1.061978947368421
libaom-v3.12.0-constrained,AI,A3,-0.0823,-1.85825,-2.0840875,-0.245025,-0.72245,-0.5692875000000001,-2.3714749999999998,-2.490075,-0.9912875,-0.844675,-0.0786625,-1.858325,-2.0851125,-0.262325
libaom-v3.12.0-constrained,AI,A4,0.6687666666666666,2.0425833333333334,4.520733333333333,0.8738,-0.82565,-0.5055999999999999,-3.8542166666666664,-3.1797333333333335,4.671066666666667,3.2141,0.6687666666666666,2.0366166666666667,4.4956000000000005,0.8643833333333334
libaom-v3.12.0-constrained,AI,A5,-0.23745,-1.37955,-1.571975,-0.30285,-1.0830250000000001,-0.931,-1.3429499999999999,-1.827275,-1.157,-0.43835,-0.235125,-1.3525,-1.57175,-0.29615
libaom-v3.12.0-constrained,AI,B1,-0.37488,1.80091,1.98991,-0.19160000000000005,-0.5684799999999999,-1.36066,-4.6477699999999995,-4.03514,3.7178600000000004,4.99391,-0.43121,1.71511,1.89316,-0.2192
libaom-v3.12.0-constrained,AI,B2,22.56161111111111,11.365922222222222,3.504411111111111,21.534277777777774,22.05591111111111,21.650488888888887,22.929944444444445,22.498655555555555,20.338900000000002,17.259666666666664,22.422244444444445,11.381166666666665,3.4647,21.270300000000002
libaom-v3.12.0-constrained,AI,E,-1.02163125,0.36488749999999986,1.0661,-0.74270625,-0.55825,-1.24036875,-2.5247687500000002,-2.1941937499999997,-1.06530625,-1.37240625,-0.8493562499999999,0.43876249999999994,1.0646125,-0.9092
libaom-v3.12.0-constrained,AI,G1,-1.262925,-2.9396,-2.7882999999999996,-1.3555000000000001,-1.325925,-1.292625,-2.432175,-2.7083,-1.37705,-0.5103,-1.2598000000000003,-2.930475,-2.789775,-1.23885
libaom-v3.12.0-constrained,AI,G2,-0.8342142857142857,-2.4289,-1.9083714285714286,-0.9239428571428572,-0.6174714285714286,-0.5676714285714286,-3.6849,-3.101657142857143,-0.8563571428571428,-1.111157142857143,-0.8162,-2.4270285714285715,-1.9073714285714285,-0.9177714285714286
libaom-v3.12.0-constrained,AS,A1,1.4719375,-5.4360125,-5.728149999999999,0.5718375,-3.9761,-1.3154875,7.9918625,7.07675,-0.1307625,-3.2170625,1.597725,-5.620475,-5.9378625,1.01655
libaom-v3.12.0-constrained,LD,A2,11.276142105263158,3.4521789473684215,2.992115789473684,10.399084210526317,8.999068421052632,8.235805263157895,19.365384210526315,18.87841052631579,12.124189473684211,9.625836842105263,16.851494736842106,4.836726315789474,3.830273684210527,15.981331578947369
libaom-v3.12.0-constrained,LD,A3,10.54555,14.318925,18.71625,11.094675,8.4585125,8.4696375,17.41335,16.611325,10.084775,13.4992,12.024537500000001,14.0216625,18.8389125,12.4070625
libaom-v3.12.0-constrained,LD,A4,9.144566666666668,21.77631666666667,22.704183333333333,9.852500000000001,11.565483333333333,10.8634,9.926083333333333,8.036716666666667,14.210283333333335,17.0819,12.318733333333332,21.867783333333335,22.168633333333332,12.8697
libaom-v3.12.0-constrained,LD,A5,11.0358,5.291575,4.4695,10.53365,10.765474999999999,10.59105,13.502075000000001,12.838025,10.1731,10.854275,13.702225,3.2866500000000003,2.8487999999999993,13.34775
libaom-v3.12.0-constrained,LD,B1,15.91019,3.21042,2.70118,14.73999,11.39195,11.12823,24.1031,22.47212,15.39297,15.71633,23.12041,6.3773,5.12496,21.94215
libaom-v3.12.0-constrained,LD,B2,21.49224444444444,18.5523,17.54437777777778,21.12777777777778,18.407788888888888,18.238122222222223,19.01143333333333,20.02918888888889,19.811144444444444,22.764277777777778,21.081311111111113,18.462388888888892,17.829055555555556,20.64942222222222
libaom-v3.12.0-constrained,RA,A1,-0.4987375,-7.519575,-7.6764875,-1.43435,-2.2157500000000003,-2.5366125,-1.0397750000000001,-1.750675,-1.82335,-4.75295,-0.2155,-7.6602125,-7.796787500000001,-0.964925
libaom-v3.12.0-constrained,RA,A2,-0.7200052631578946,-2.656526315789474,-1.8961157894736844,-0.9159684210526317,-1.7368000000000001,-1.7633736842105263,0.9297473684210523,0.11834210526315803,-0.280378947368421,0.033757894736842105,-0.6522789473684212,-2.9433789473684215,-2.1084736842105265,-0.6454473684210528
libaom-v3.12.0-constrained,RA,A3,-0.2653375,4.029462499999999,6.4842375,0.270525,-0.508475,-0.3176,1.3627375000000002,1.0608624999999998,-0.8332999999999999,2.541525,-0.8100250000000001,3.6978999999999997,6.30315,-0.25428749999999994
libaom-v3.12.0-constrained,RA,A4,1.8022,9.784866666666668,11.196433333333333,2.4907,4.27525,3.6274,-2.5446166666666667,-3.2358333333333333,5.63675,9.176416666666666,2.0847833333333337,9.410483333333334,10.636733333333334,2.846933333333333
libaom-v3.12.0-constrained,RA,A5,1.3846999999999998,1.178075,0.42474999999999996,1.366825,3.5569,2.631975,-1.454275,-2.01525,0.37807499999999994,2.3698,0.814925,-0.1573749999999996,-0.6481250000000003,0.987025
libaom-v3.12.0-constrained,RA,B1,3.08798,0.5730399999999998,-1.3495600000000003,2.7936500000000004,1.44041,1.27107,1.53089,1.1309399999999998,3.75288,7.0446100000000005,3.5855699999999997,1.3670399999999998,-1.17067,3.3665599999999998
libaom-v3.12.0-constrained,RA,B2,19.14891111111111,15.214099999999998,13.7786,18.68532222222222,17.401211111111113,16.973133333333333,17.217822222222225,16.69826666666667,16.045977777777775,17.957144444444445,18.148355555555554,14.790566666666665,13.963566666666667,17.690133333333332
libaom-v3.12.0-constrained,RA,E,-0.7487437499999998,-7.444825,-7.593475,-1.4553,-2.9078125,-2.8884125,-1.51244375,-1.4441062500000001,-1.1057812500000002,-3.3450812500000002,-1.37834375,-7.5434,-7.8191875,-1.7673124999999998
libaom-v3.12.0-constrained,RA,G1,-0.4624999999999999,-4.733275,-9.52825,-0.8033000000000001,-1.25115,-1.8736999999999997,0.366425,0.17674999999999996,-1.4185,-3.5282249999999995,-0.21239999999999992,-5.0128,-9.895775,-0.3647
libaom-v3.12.0-constrained,RA,G2,2.4862285714285717,0.5461714285714285,0.010328571428571338,2.2289285714285714,1.0146285714285714,1.706042857142857,0.7044857142857143,0.2627571428571428,1.1081285714285714,2.1372571428571425,3.0134857142857143,2.8236999999999997,0.49534285714285714,2.7121
libaom-v3.12.0-constrained,Still,F1,0.16462857142857143,-1.3850964285714285,-1.3421571428571428,0.13138214285714286,-0.8593357142857142,-0.26436785714285715,-0.1692357142857143,-0.022549999999999983,-0.04027857142857145,-0.1271892857142857,0.16462857142857143,-1.3850964285714285,-1.3421571428571428,0.12358928571428571
libaom-v3.12.0-constrained,Still,F2,0.1883206896551724,-0.07256896551724137,-0.48944137931034487,0.16560344827586207,-0.06135862068965517,-0.2886,-1.394693103448276,-1.0193586206896552,-0.5063758620689656,0.21466551724137933,0.1883206896551724,-0.07256896551724137,-0.48944137931034487,0.17823793103448277
libaom-v3.12.0-unconstrained,AI,A1,0.5512625,-2.4945375,-2.89925,0.12021250000000001,0.16595,0.5769624999999999,0.28180000000000005,-0.10077499999999999,0.0960375,-1.270825,0.55045,-2.4906,-2.8937749999999998,0.1164875
libaom-v3.12.0-unconstrained,AI,A2,0.5563842105263158,-0.4116578947368421,-0.5493473684210526,0.447121052631579,0.12209999999999999,0.002494736842105263,0.17593684210526314,0.1539421052631579,0.7381842105263158,1.0716052631578947,0.5551,-0.40882105263157903,-0.5493842105263158,0.4684052631578947
libaom-v3.12.0-unconstrained,AI,A3,0.10930000000000001,-2.4610125,-2.94535,-0.16055,-0.4808125,-0.4009625,0.5568500000000001,0.24248750000000002,-0.3049125,-1.2092125,0.1093375,-2.4564875,-2.947775,-0.137925
libaom-v3.12.0-unconstrained,AI,A4,0.5217833333333334,2.83095,1.8609499999999999,0.6376833333333334,-0.5834666666666667,-0.37548333333333334,-0.43648333333333333,-0.7172999999999999,1.5364166666666668,2.0581833333333335,0.5219,2.8438,1.8336166666666667,0.5651833333333333
libaom-v3.12.0-unconstrained,AI,A5,0.6151,-2.7758249999999998,-2.93085,0.363975,-0.5419999999999999,-0.5105999999999999,0.560775,0.507225,-0.183175,-0.22349999999999998,0.61755,-2.719225,-2.86175,0.46840000000000004
libaom-v3.12.0-unconstrained,AI,B1,-0.38034999999999997,-1.32334,-1.31511,-0.46308,-0.32965,-0.7075400000000001,-0.6024700000000001,-0.7750799999999999,0.86928,1.53598,-0.47653999999999996,-1.40365,-1.37758,-0.5512400000000001
libaom-v3.12.0-unconstrained,AI,B2,22.091788888888892,13.836733333333335,14.226944444444444,21.151899999999998,22.78798888888889,22.1946,23.789422222222225,23.344288888888887,21.916833333333333,19.29868888888889,21.929355555555556,13.864422222222224,14.349177777777776,21.11338888888889
libaom-v3.12.0-unconstrained,AI,E,0.37365,-1.43274375,-2.03085,0.35309375000000004,0.31509375,-0.03369374999999997,-0.35406874999999993,-0.06236249999999999,0.1051625,-0.81015625,0.42946249999999997,-1.34816875,-1.9564625,0.20550000000000002
libaom-v3.12.0-unconstrained,AI,G1,-0.48267499999999997,-3.13455,-8.2004,-0.8864,-0.19417500000000001,-0.350875,-0.32835,-0.222125,-0.4108,-2.129625,-0.47869999999999996,-3.14305,-8.200675,-0.617775
libaom-v3.12.0-unconstrained,AI,G2,-0.27661428571428565,-3.4095000000000004,-3.4111857142857143,-0.5257000000000001,-0.16031428571428571,-0.13275714285714285,-1.178957142857143,-1.1617142857142857,-0.43972857142857136,-1.5929,-0.2759,-3.4100714285714284,-3.4053714285714283,-0.49821428571428567
libaom-v3.12.0-unconstrained,AS,A1,-8.332825,-7.12895,-8.037375,-8.3608125,-8.75195,-8.9512875,-3.32545,-3.8625625,-8.5805375,-10.0751,-8.9726375,-7.7478375,-8.5545375,-9.0533625
libaom-v3.12.0-unconstrained,LD,A2,3.3789736842105267,0.4298631578947368,0.11579473684210531,3.0059684210526316,2.1201894736842104,2.2516947368421056,3.2501315789473684,3.037552631578947,3.0177105263157897,3.036857894736842,3.7383105263157894,0.3725578947368422,0.24941578947368412,3.585626315789474
libaom-v3.12.0-unconstrained,LD,A3,3.901875,1.7899125,2.56365,3.694475,3.9118625000000002,3.964,4.376175,3.8815625000000002,3.605025,2.6290375,3.9287875,1.8457625,2.6503875,3.8727625
libaom-v3.12.0-unconstrained,LD,A4,2.9782333333333333,4.510466666666667,7.201783333333334,3.1694833333333334,0.6801166666666667,1.3435,1.5547666666666666,1.1271333333333333,6.09805,5.370266666666666,2.9516000000000004,4.7180333333333335,7.401766666666666,3.251716666666667
libaom-v3.12.0-unconstrained,LD,A5,4.699,4.545475,5.5214,4.5851750000000004,5.0108,5.506775,5.6116,5.342025,4.89435,5.1323,4.445025,4.355325,5.534825,4.65345
libaom-v3.12.0-unconstrained,LD,B1,4.4015,4.94235,4.22131,4.35436,2.92677,2.69204,5.09505,4.6716999999999995,5.62072,7.08899,4.7183399999999995,5.935370000000001,4.6933300000000004,4.9064700000000006
libaom-v3.12.0-unconstrained,LD,B2,21.564711111111112,16.180522222222223,15.760900000000001,20.93398888888889,24.15508888888889,23.868566666666666,28.510566666666666,28.021611111111113,26.683255555555558,14.864733333333334,24.287233333333333,18.724677777777778,18.1993,23.78336666666667
libaom-v3.12.0-unconstrained,RA,A1,-9.3145875,-10.952575,-11.2078125,-9.506525,-5.152737500000001,-8.882249999999999,-12.074662499999999,-12.255325,-9.080725000000001,-11.071325,-10.022025,-11.499925,-11.5775,-10.2757625
libaom-v3.12.0-unconstrained,RA,A2,-9.506384210526315,-0.2829315789473683,0.8243052631578945,-8.815715789473686,-11.577121052631579,-10.889878947368421,-14.215347368421051,-14.537836842105264,-9.640463157894738,-6.818178947368421,-11.19817894736842,-1.1564473684210526,0.12956315789473702,-10.6061
libaom-v3.12.0-unconstrained,RA,A3,-8.7529,-3.6487624999999997,-3.7850625,-8.318875,-8.8874,-8.46955,-9.4001125,-9.618675,-8.3767125,-8.1242875,-10.1329375,-3.955425,-3.6494,-9.6196625
libaom-v3.12.0-unconstrained,RA,A4,-4.660633333333333,8.580033333333333,14.633183333333335,-3.3648666666666665,-4.710016666666666,-5.94635,-10.039983333333334,-10.1198,-1.5310999999999997,1.8833166666666665,-6.096150000000001,7.6066,13.56085,-4.80315
libaom-v3.12.0-unconstrained,RA,A5,-5.91805,9.42925,15.054275,-4.6717249999999995,-3.5101,-6.013575,-15.75775,-15.77385,-7.502325,-2.98015,-7.683,8.6189,14.355825,-6.7085
libaom-v3.12.0-unconstrained,RA,B1,-9.17192,5.86405,3.28324,-7.9455100000000005,-12.76319,-11.743170000000001,-17.032069999999997,-16.82483,-8.16359,-4.21582,-9.91755,6.37122,3.64311,-8.991150000000001
libaom-v3.12.0-unconstrained,RA,B2,15.336900000000002,12.529399999999999,10.133855555555556,14.95281111111111,15.313333333333333,15.003455555555556,14.184355555555555,13.746088888888888,14.309122222222223,15.687488888888888,14.376244444444445,10.485600000000002,9.591033333333334,13.812666666666667
libaom-v3.12.0-unconstrained,RA,E,-9.81918125,-3.8155812499999997,-5.3535875,-9.53218125,-9.66864375,-9.30089375,-16.10885625,-16.0707,-10.7805875,-8.36365,-13.4209125,-5.5998,-7.3924812499999994,-12.8643625
libaom-v3.12.0-unconstrained,RA,G1,-11.073225,-2.4561499999999996,-0.43782500000000013,-10.3707,-10.524825,-12.471675000000001,-14.0798,-14.22395,-11.6465,-12.73995,-12.940275,-3.3175499999999998,-1.2473500000000002,-12.39925
libaom-v3.12.0-unconstrained,RA,G2,-10.278057142857142,-5.882114285714286,-4.960842857142857,-9.810014285714287,-12.713728571428572,-12.095085714285714,-13.387528571428572,-13.648042857142856,-10.720614285714287,-11.076528571428572,-10.868371428571427,-4.041471428571429,-4.6899999999999995,-10.555557142857143
libaom-v3.12.0-unconstrained,Still,F1,0.8244464285714285,-2.291717857142857,-1.683117857142857,0.4241178571428571,-0.8293285714285714,0.2849285714285714,1.4592357142857144,1.3090821428571429,0.5317999999999999,-0.34261071428571427,0.8244464285714285,-2.291717857142857,-1.683117857142857,0.5514428571428571
libaom-v3.12.0-unconstrained,Still,F2,0.756751724137931,-0.49970344827586194,-1.7212862068965515,0.5411689655172414,0.48866551724137924,0.28723793103448275,1.1145620689655171,1.0095655172413793,0.42430689655172416,-0.07938275862068964,0.756751724137931,-0.49970344827586194,-1.7212862068965515,0.4939896551724138
v2.0.0,AI,A1,-5.014175,-10.5103875,-12.792237499999999,-5.8013625,-4.40045,-4.990412500000001,-6.207275,-6.1819999999999995,-5.058362499999999,-8.75975,-5.0131125,-10.5132625,-12.765775,-5.8657375
v2.0.0,AI,A2,-4.390442105263158,-12.305610526315789,-15.213347368421054,-5.250510526315789,-4.206642105263158,-4.645842105263158,-5.4908947368421055,-5.3381684210526315,-3.919568421052632,-6.880352631578947,-4.395715789473684,-12.301526315789474,-15.230047368421053,-5.093094736842105
v2.0.0,AI,A3,-4.3324875,-15.4563875,-17.3997625,-5.48745,-4.6247125,-4.5792125,-4.4471375,-4.6636125,-5.0124125,-8.64095,-4.3337375,-15.4675125,-17.41205,-5.11755
v2.0.0,AI,A4,-3.6042166666666664,-19.913583333333335,-23.891000000000002,-5.13235,-5.3604666666666665,-4.92435,-4.8445,-4.71345,-3.500583333333333,-8.011816666666666,-3.6002166666666664,-19.938633333333332,-23.808733333333333,-4.375633333333333
v2.0.0,AI,A5,-2.8969500000000004,-16.24255,-15.117275,-4.162725,-4.001625,-4.00515,-4.5550999999999995,-4.599075,-4.631575,-8.336,-2.894225,-16.303,-15.1725,-3.4402
v2.0.0,AI,B1,-5.46036,-14.98848,-15.62224,-6.48072,-5.962400000000001,-6.51541,-5.37892,-5.32971,-5.19529,-9.14171,-5.45193,-15.073340000000002,-15.66359,-6.29088
v2.0.0,AI,B2,-0.9212000000000001,-17.141077777777777,-15.7049,-2.493022222222222,-0.8658111111111111,-1.2136777777777779,-0.48525555555555555,-0.30863333333333337,-2.451788888888889,-9.81881111111111,-0.906711111111111,-17.064755555555553,-15.66816666666667,-2.3731222222222224
v2.0.0,AI,E,-4.35363125,-15.70284375,-15.649381250000001,-5.8452874999999995,-3.7988750000000002,-4.12725625,-6.2975625,-6.17893125,-4.97615,-8.1144875,-4.2239375,-15.660675,-15.41263125,-4.8043875
v2.0.0,AI,G1,-5.27455,-25.6831,-46.19735,-9.291875000000001,-4.44285,-5.099975000000001,-5.930175,-6.063375000000001,-5.9677500000000006,-18.046325,-5.2837,-25.800775,-46.2535,-7.670825000000001
v2.0.0,AI,G2,-6.846528571428571,-32.6202,-35.45621428571429,-10.012385714285713,-6.7091,-6.851642857142857,-8.3811,-8.184628571428572,-7.5386428571428565,-17.54967142857143,-6.877471428571428,-32.68391428571429,-35.452442857142856,-8.172614285714285
v2.0.0,AS,A1,-2.861925,-8.7768625,-8.995862500000001,-3.578475,-2.568225,-2.8171625000000002,-2.2037875000000002,-2.3041375,-3.1276,-5.5004375,-2.8773,-8.7836625,-9.141125,-3.526875
v2.0.0,LD,A2,-1.9733578947368422,-10.116315789473685,-12.925773684210526,-2.842678947368421,-1.9383105263157894,-2.154347368421053,-3.092836842105263,-2.9655947368421054,-1.684457894736842,-4.150826315789474,-2.0745473684210527,-10.378478947368421,-13.090657894736841,-2.7167578947368423
v2.0.0,LD,A3,-1.4531375,-10.1341125,-10.2175625,-2.30655,-1.2694375,-1.3406625,-0.9617625,-0.9419,-1.7064125,-5.2700625,-1.49045,-9.981425,-9.9345875,-2.0410875
v2.0.0,LD,A4,-1.0055666666666667,-10.917083333333332,-14.262100000000002,-2.0713,-2.701066666666667,-2.3004333333333333,-1.09005,-1.4447333333333336,0.36648333333333327,-2.0678,-1.1954666666666667,-11.326299999999998,-13.8673,-1.8549999999999998
v2.0.0,LD,A5,-0.6765,-12.5383,-3.676525,-1.3713,-1.141925,-0.939825,-0.570125,-0.5011,-1.4354749999999998,-2.37935,-0.907875,-12.543175000000002,-3.680975,-1.2126000000000001
v2.0.0,LD,B1,-1.9525200000000003,-9.70894,-8.50808,-2.6387899999999997,-2.44708,-2.86447,-2.9718299999999997,-2.88361,-1.30673,-2.76503,-1.9186999999999999,-9.95633,-8.241859999999999,-2.41011
v2.0.0,LD,B2,-2.501622222222222,-12.72851111111111,-11.512522222222223,-3.4871777777777777,-3.256033333333333,-3.211688888888889,-2.359,-1.8853777777777776,-3.8370888888888888,-7.891177777777778,-2.5511777777777778,-11.538977777777777,-10.858477777777777,-3.6589111111111112
v2.0.0,RA,A1,-2.3839625,-8.36205,-9.6017125,-3.1100000000000003,-2.1496,-2.4046875,-3.49195,-3.3878875,-2.5907999999999998,-5.3545125,-2.3405,-8.346025000000001,-9.7096,-3.0570874999999997
v2.0.0,RA,A2,-3.051,-8.593321052631579,-11.167463157894737,-3.6687157894736844,-2.768421052631579,-3.143273684210526,-4.141205263157895,-4.032652631578948,-2.5718842105263158,-4.324052631578947,-3.1148736842105262,-8.653421052631579,-11.201463157894736,-3.547142105263158
v2.0.0,RA,A3,-2.8440625,-9.7523125,-9.4968875,-3.55015,-2.7702999999999998,-2.8442625,-2.6125625,-2.5360750000000003,-3.0493125,-6.2556875000000005,-2.8715375,-9.543425,-9.121387499999999,-3.3698375
v2.0.0,RA,A4,-1.5386,-9.237216666666667,-11.824683333333333,-2.4520666666666666,-2.8210833333333336,-2.4722833333333334,-2.549183333333333,-2.5833666666666666,-0.3356166666666665,-2.315,-1.7403833333333332,-9.288666666666666,-11.764116666666666,-2.28445
v2.0.0,RA,A5,-2.14445,-11.973575,-6.926425,-2.88,-2.354625,-2.381075,-1.9952999999999999,-2.135475,-2.89555,-4.5634,-2.4011,-11.9444,-7.079825,-2.64855
v2.0.0,RA,B1,-4.554029999999999,-7.979170000000001,-8.07145,-4.94731,-4.64031,-5.03023,-6.28722,-5.93215,-3.55802,-3.31941,-4.9972,-8.67998,-4.67325,-5.43226
v2.0.0,RA,B2,0.03118888888888898,-11.20051111111111,-10.892900000000001,-1.0024777777777776,-0.7542888888888889,-0.7982444444444443,-1.9736333333333336,-1.8023333333333333,-1.281888888888889,-7.021544444444444,-0.7524111111111111,-9.710044444444444,-9.678822222222221,0.9837888888888888
v2.0.0,RA,E,-3.28158125,-5.950475,-7.344325,-3.79744375,-2.2666625,-3.04814375,1.55133125,2.1346375,-3.2828875,-5.08729375,-3.54023125,-6.06625,-8.02704375,-3.84350625
v2.0.0,RA,G1,-7.426124999999999,-15.560099999999998,-30.559375000000003,-9.50655,-5.140375000000001,-7.278600000000001,-2.8257250000000003,-2.9751,-6.92325,-13.226325,-7.267875,-15.781775,-31.043875,-7.9449
v2.0.0,RA,G2,-3.619742857142857,-21.392485714285716,-24.940114285714287,-5.5968,-3.924728571428571,-3.895385714285714,-5.451328571428571,-5.344314285714285,-4.0846285714285715,-7.625057142857143,-3.485657142857143,-20.46004285714286,-24.704314285714286,-3.9828
v2.0.0,Still,F1,-2.4708357142857147,-14.154560714285713,-17.122600000000002,-3.7609464285714287,-3.190089285714286,-2.732367857142857,-3.3969142857142858,-3.4916428571428573,-3.591846428571429,-5.901485714285714,-2.4708357142857147,-14.154560714285713,-17.122600000000002,-3.0431500000000002
v2.0.0,Still,F2,-3.151637931034483,-10.815531034482758,-13.787720689655172,-4.228079310344827,-3.3105172413793102,-3.589372413793104,-3.660758620689655,-3.71608275862069,-4.312641379310344,-5.928051724137931,-3.151637931034483,-10.815531034482758,-13.787720689655172,-3.506037931034483
v3.0.0,AI,A1,-7.7429,-13.523787500000001,-15.7809375,-8.574025,-6.0237125,-7.352825,-8.3857375,-8.49,-7.5346875,-12.255212499999999,-7.7395125,-13.520825,-15.755575,-8.6188875
v3.0.0,AI,A2,-6.919452631578948,-15.634315789473685,-18.572105263157894,-7.875852631578947,-5.879815789473684,-6.6009,-7.324721052631579,-7.033268421052632,-6.03811052631579,-10.16061052631579,-6.922078947368421,-15.62665263157895,-18.58203157894737,-7.673921052631578
v3.0.0,AI,A3,-6.5055499999999995,-16.359875,-19.8310875,-7.60775,-6.25435,-6.25465,-5.576375,-5.7705874999999995,-6.5893250000000005,-10.29695,-6.5071125,-16.3587875,-19.8413375,-7.2033
v3.0.0,AI,A4,-6.08145,-23.706766666666667,-28.41555,-7.76255,-8.099183333333334,-6.573799999999999,-6.530033333333333,-6.061216666666667,-5.056816666666667,-10.785233333333332,-6.07955,-23.739099999999997,-28.354916666666668,-6.977816666666667
v3.0.0,AI,A5,-4.2131,-16.842975,-16.732425,-5.4603,-5.193325,-4.959625,-4.867025,-4.870875,-5.3414,-9.507,-4.210625,-16.960875,-16.8037,-4.711825
v3.0.0,AI,B1,-8.36797,-17.52316,-18.37282,-9.34679,-7.44105,-8.46274,-6.8363,-6.4709699999999994,-7.115489999999999,-12.046000000000001,-8.3995,-17.58578,-18.4172,-9.16817
v3.0.0,AI,B2,-10.639966666666666,-21.573777777777778,-22.841577777777776,-11.811966666666667,-10.728066666666667,-11.12202222222222,-9.102144444444445,-8.69047777777778,-11.609188888888887,-18.382455555555556,-10.7088,-21.54922222222222,-22.823144444444445,-11.712566666666667
v3.0.0,AI,E,-6.22546875,-16.88400625,-16.85895625,-7.66388125,-5.26749375,-5.59494375,-8.2754375,-8.1507,-6.6436,-9.7252625,-6.09359375,-16.75693125,-16.59118125,-6.525375
v3.0.0,AI,G1,-9.09135,-29.724325,-48.4803,-12.889275,-6.1648499999999995,-7.76215,-9.293700000000001,-9.4363,-8.923275,-20.621650000000002,-9.101075000000002,-29.8521,-48.498425,-11.35585
v3.0.0,AI,G2,-10.062328571428571,-34.75602857142857,-41.618228571428574,-13.337242857142856,-8.881857142857143,-9.382742857142857,-10.430485714285714,-10.071171428571429,-10.090300000000001,-21.440057142857142,-10.09687142857143,-34.6271,-41.60582857142857,-11.491657142857141
v3.0.0,AS,A1,-12.3428625,-14.73105,-16.6355625,-12.726075,-10.0233625,-11.3174125,-15.2303,-14.61875,-11.635275,-13.9851875,-12.3673125,-14.703575,-16.7515875,-12.772287500000001
v3.0.0,LD,A2,-6.449889473684211,-15.636468421052632,-16.33627894736842,-7.319247368421053,-5.739584210526315,-6.145452631578947,-7.906178947368421,-7.511973684210526,-5.555505263157895,-9.333221052631579,-6.562747368421053,-15.962484210526314,-16.505663157894737,-7.238563157894737
v3.0.0,LD,A3,-5.0006875,-14.5168125,-14.10195,-5.90625,-4.570625,-4.579175,-5.2824124999999995,-4.852925,-4.8854375,-8.8433125,-4.9983625,-14.41815,-13.8017,-5.5793125
v3.0.0,LD,A4,-3.9156833333333334,-18.098583333333334,-16.99185,-5.198283333333333,-5.634633333333333,-4.627883333333333,-3.5315499999999997,-4.06125,-2.2715166666666664,-6.5813,-4.134333333333333,-18.491383333333335,-17.325916666666668,-5.042416666666667
v3.0.0,LD,A5,-2.88035,-16.6004,-5.56445,-3.6778,-2.831775,-2.814,-5.038600000000001,-4.683125,-3.3183249999999997,-5.1827499999999995,-3.0689,-16.3619,-5.2997,-3.4287
v3.0.0,LD,B1,-5.79465,-12.93353,-13.08279,-6.487439999999999,-5.82189,-6.26333,-5.91648,-5.59847,-4.591060000000001,-7.174549999999999,-5.70578,-14.39622,-13.061599999999999,-6.1591499999999995
v3.0.0,LD,B2,-12.1678,-18.621077777777778,-19.58498888888889,-12.86791111111111,-12.511288888888888,-12.491888888888889,-14.022211111111112,-12.361022222222223,-12.435744444444445,-15.37138888888889,-12.249144444444445,-17.85988888888889,-18.959755555555557,-13.038744444444445
v3.0.0,RA,A1,-12.071349999999999,-15.4302,-17.7177875,-12.53455,-10.066,-11.2356625,-15.8735375,-14.9312625,-11.3546125,-14.012075000000001,-12.16075,-15.4704625,-17.8862875,-12.6565
v3.0.0,RA,A2,-11.518931578947369,-15.516405263157896,-15.85941052631579,-11.879,-10.416115789473684,-11.050463157894736,-15.898494736842105,-14.851510526315788,-10.151752631578947,-12.408726315789474,-11.681315789473684,-15.670642105263159,-15.887494736842104,-11.978042105263157
v3.0.0,RA,A3,-11.8569,-17.905125,-17.5623625,-12.441575,-11.3802625,-11.6060625,-15.1586625,-14.0239375,-11.500475,-14.6637625,-11.8764625,-17.7595375,-17.201762499999997,-12.23295
v3.0.0,RA,A4,-9.3237,-18.3454,-14.815966666666668,-10.127583333333334,-10.306533333333332,-10.045366666666666,-13.054683333333335,-12.625933333333334,-7.433266666666666,-10.607583333333332,-9.536683333333334,-18.376066666666667,-14.978016666666667,-10.130766666666666
v3.0.0,RA,A5,-9.42615,-18.803024999999998,-12.194825,-10.035475,-9.04,-9.53195,-14.5606,-13.975975,-9.9407,-11.58585,-9.744250000000001,-18.530475,-11.98285,-9.954274999999999
v3.0.0,RA,B1,-9.06479,-9.11698,-10.99915,-9.17638,-9.03712,-9.465610000000002,-12.31633,-11.44755,-7.53366,-7.832589999999999,-9.12667,-10.013259999999999,-10.81862,-9.10244
v3.0.0,RA,B2,-11.131577777777778,-18.389744444444446,-19.22211111111111,-11.92928888888889,-11.122622222222223,-11.441088888888888,-12.387566666666666,-11.019677777777778,-11.697,-14.892855555555554,-11.113311111111111,-17.664188888888887,-18.606488888888887,-11.997788888888888
v3.0.0,RA,E,-8.48411875,-10.2314375,-8.8062,-8.7698625,-7.2966,-7.672725,-12.041875000000001,-11.43805,-7.9512875,-8.81108125,-8.8595125,-10.1103375,-8.6357375,-8.8946375
v3.0.0,RA,G1,-15.588225,-27.6528,-35.598225,-17.200975,-13.4961,-14.0535,-22.6599,-21.760625,-14.7147,-20.61055,-15.75925,-27.939799999999998,-35.553525,-16.694475
v3.0.0,RA,G2,-13.381757142857142,-27.841785714285717,-33.597942857142854,-15.079442857142856,-13.133242857142857,-13.3616,-18.867414285714286,-17.948242857142855,-12.963700000000001,-17.807771428571428,-13.323314285714286,-28.6205,-33.82375714285714,-13.7674
v3.0.0,Still,F1,-3.8400250000000002,-16.10824285714286,-18.82197857142857,-5.164110714285714,-4.148792857142857,-4.065971428571428,-5.008253571428571,-4.833725,-5.018925,-7.2773071428571425,-3.8400250000000002,-16.10824285714286,-18.82197857142857,-4.403878571428572
v3.0.0,Still,F2,-5.465355172413792,-12.558193103448275,-15.849755172413794,-6.527713793103448,-4.842237931034483,-5.369993103448277,-4.52288275862069,-4.512144827586207,-5.801531034482759,-7.913006896551725,-5.465355172413792,-12.558193103448275,-15.849755172413794,-5.724413793103449
v4.0.0,AI,A1,-10.8684875,-20.8516875,-23.9733375,-12.292125,-8.3570875,-10.401925,-11.9158375,-11.5706125,-10.8471,-16.76265,-10.8644375,-20.851512500000002,-23.960175,-12.5476875
v4.0.0,AI,A2,-9.763652631578948,-21.07657894736842,-25.731147368421052,-11.105210526315789,-8.406115789473683,-9.369194736842106,-10.426373684210526,-9.89186842105263,-8.85001052631579,-13.947799999999999,-9.765073684210527,-21.06814736842105,-25.734947368421054,-10.865278947368422
v4.0.0,AI,A3,-9.976099999999999,-24.031875,-27.7698125,-11.534062500000001,-9.347312500000001,-9.495075,-9.787325,-9.500475,-9.97355,-15.215625,-9.9759125,-24.034599999999998,-27.7780625,-11.079225000000001
v4.0.0,AI,A4,-8.719716666666667,-28.00276666666667,-36.7618,-10.777566666666667,-10.825666666666669,-9.053700000000001,-8.412833333333333,-7.991316666666666,-7.652550000000001,-14.525333333333334,-8.715733333333333,-28.014233333333333,-36.58166666666667,-9.901716666666667
v4.0.0,AI,A5,-6.597575,-23.687649999999998,-21.75605,-8.206199999999999,-7.794975,-7.41075,-7.578150000000001,-7.462375,-7.89045,-12.677975,-6.5922,-23.750574999999998,-21.79465,-7.373675
v4.0.0,AI,B1,-12.51795,-26.397969999999997,-27.63342,-14.090709999999998,-11.371410000000001,-12.493820000000001,-11.507990000000001,-11.05605,-11.50732,-18.03766,-12.51878,-26.455399999999997,-27.60591,-13.91692
v4.0.0,AI,B2,-20.362155555555557,-36.98934444444444,-38.33462222222222,-22.204833333333333,-21.825366666666667,-22.224366666666665,-18.449566666666666,-18.285455555555554,-22.42658888888889,-31.495311111111114,-20.473322222222222,-37.06916666666667,-38.36646666666667,-22.271366666666665
v4.0.0,AI,E,-9.78496875,-22.90984375,-23.6906,-11.6023,-8.3423375,-9.01730625,-11.9895875,-11.73796875,-10.243425,-14.001362499999999,-9.6741125,-22.97610625,-23.63298125,-10.56061875
v4.0.0,AI,G1,-12.102425,-33.69715,-51.934,-15.951274999999999,-8.3453,-10.80645,-12.878775,-12.706625,-11.80535,-23.80975,-12.107825,-33.79925,-51.86625,-14.512875
v4.0.0,AI,G2,-12.999157142857143,-39.8113,-45.00255714285714,-16.47802857142857,-11.567514285714285,-12.165542857142857,-13.589642857142858,-13.079042857142856,-13.05292857142857,-24.874614285714284,-13.032528571428571,-39.69987142857143,-44.963928571428575,-14.7546
v4.0.0,AS,A1,-19.10925,-26.6148125,-28.556675,-20.062375,-15.756237500000001,-18.1516125,-23.940375,-23.0137875,-18.35565,-22.88155,-19.0659625,-26.6270625,-28.661925,-20.107625
v4.0.0,LD,A2,-12.10388947368421,-25.343784210526316,-26.682652631578947,-13.415884210526317,-11.160857894736841,-11.695805263157895,-14.416694736842103,-13.79638947368421,-11.11383157894737,-16.126594736842105,-12.263284210526315,-25.658236842105264,-26.847178947368423,-13.238431578947369
v4.0.0,LD,A3,-12.1734125,-25.84085,-25.4771875,-13.5064,-11.2434,-11.38405,-12.8166875,-12.172725,-11.6509625,-17.3130125,-12.194212499999999,-25.756525,-25.269725,-13.0382125
v4.0.0,LD,A4,-12.346866666666665,-28.206433333333333,-33.20381666666667,-14.073483333333334,-14.055866666666667,-12.803483333333332,-11.059600000000001,-11.778333333333334,-10.504916666666666,-15.997066666666667,-12.631466666666668,-28.559700000000003,-33.35293333333333,-13.706833333333334
v4.0.0,LD,A5,-9.2268,-28.346075,-16.471024999999997,-10.495475,-9.149775,-9.363125,-12.6906,-11.873175,-10.0497,-12.806025,-9.479724999999998,-27.950625000000002,-16.160249999999998,-10.0687
v4.0.0,LD,B1,-11.774550000000001,-26.97021,-24.89238,-13.21029,-12.1698,-12.5943,-13.38885,-12.888830000000002,-10.97071,-15.51449,-11.656139999999999,-28.47692,-24.59956,-12.82809
v4.0.0,LD,B2,-25.108666666666664,-35.25858888888889,-35.34884444444444,-26.189422222222223,-25.413766666666664,-25.6067,-27.057266666666667,-25.3811,-25.649144444444445,-30.582722222222223,-25.316633333333336,-34.15297777777778,-34.906622222222225,-26.60088888888889
v4.0.0,RA,A1,-19.566924999999998,-27.728275,-30.09525,-20.608625,-16.86755,-18.7635,-25.22155,-23.7957125,-18.7050125,-23.47345,-19.584600000000002,-27.792975,-30.22345,-20.7230375
v4.0.0,RA,A2,-17.36398947368421,-25.722036842105265,-27.51334736842105,-18.216368421052632,-16.140505263157895,-17.022963157894736,-22.83636842105263,-21.475715789473682,-15.8801,-19.816373684210525,-17.544868421052634,-25.862568421052632,-27.566731578947373,-18.17646842105263
v4.0.0,RA,A3,-18.903025,-29.882237500000002,-28.6841625,-19.960075,-18.0859125,-18.4689625,-23.097075,-21.514575,-18.1538125,-23.2705875,-18.903325,-29.7895,-28.368975000000002,-19.5671625
v4.0.0,RA,A4,-16.400916666666667,-27.835416666666664,-30.775283333333334,-17.67311666666667,-17.51895,-16.932733333333335,-20.6753,-20.061116666666667,-14.606933333333332,-19.056900000000002,-16.590016666666667,-27.95828333333333,-30.381249999999998,-17.397883333333333
v4.0.0,RA,A5,-15.213650000000001,-29.884475000000002,-22.69855,-16.3193,-15.148675,-15.597175,-20.788325,-20.105975,-15.90815,-18.64375,-15.53155,-29.6655,-22.596375000000002,-15.997399999999999
v4.0.0,RA,B1,-15.614619999999999,-23.80981,-23.45901,-16.44695,-16.24841,-16.77935,-20.184739999999998,-19.115000000000002,-14.41349,-17.23012,-15.654910000000001,-24.561010000000003,-22.80722,-16.26032
v4.0.0,RA,B2,-22.944622222222222,-34.09625555555556,-35.35296666666667,-24.19983333333333,-23.177666666666667,-23.677766666666667,-24.569100000000002,-23.10118888888889,-24.072955555555556,-29.991522222222223,-23.058866666666667,-33.466255555555556,-34.76156666666667,-24.63661111111111
v4.0.0,RA,E,-14.04384375,-20.59590625,-18.952025,-14.93359375,-12.9412875,-13.24533125,-19.3505,-18.43179375,-13.535025000000001,-16.07113125,-14.4349875,-20.5445875,-18.805375,-14.80549375
v4.0.0,RA,G1,-21.326175,-37.239875,-47.1237,-23.434725,-18.877175,-20.0211,-30.679675000000003,-29.203850000000003,-20.44435,-27.752625000000002,-21.507375,-37.498925,-47.528,-22.839
v4.0.0,RA,G2,-17.975285714285715,-38.30784285714286,-43.37341428571428,-20.38658571428571,-17.680014285714286,-18.012,-25.029914285714284,-23.802028571428572,-17.617014285714287,-24.71861428571429,-17.916514285714285,-39.25164285714286,-43.034728571428566,-18.793142857142858
v4.0.0,Still,F1,-6.341260714285714,-22.55879285714286,-25.965307142857142,-8.158160714285714,-5.470889285714286,-6.602760714285714,-6.875349999999999,-6.553814285714286,-7.506178571428571,-10.834210714285714,-6.341260714285714,-22.55879285714286,-25.965307142857142,-7.227085714285714
v4.0.0,Still,F2,-7.943968965517241,-17.954993103448274,-21.78629655172414,-9.365913793103447,-7.294034482758621,-7.948886206896551,-7.009406896551724,-6.948693103448276,-8.564989655172415,-11.649544827586206,-7.943968965517241,-17.954993103448274,-21.78629655172414,-8.635924137931035
v5.0.0,AI,A1,-12.3884875,-27.024675000000002,-28.333537500000002,-14.2972,-9.62115,-11.66175,-13.783025,-13.3671,-12.500175,-19.872775,-12.3840375,-27.0294125,-28.319125,-14.778975
v5.0.0,AI,A2,-11.152668421052631,-26.322231578947367,-30.02321052631579,-12.877921052631578,-9.525405263157895,-10.541542105263158,-12.108168421052632,-11.5553,-10.3321,-16.822773684210528,-11.151173684210526,-26.3253,-30.025905263157895,-12.656473684210527
v5.0.0,AI,A3,-12.1143625,-26.310625,-30.2922375,-13.7142625,-11.2056125,-11.4543,-12.392125,-12.2,-12.054375,-17.46735,-12.114862500000001,-26.310299999999998,-30.295612499999997,-13.2923375
v5.0.0,AI,A4,-9.9458,-33.75545,-39.7952,-12.361183333333335,-11.953333333333333,-10.288816666666667,-9.878883333333333,-9.43465,-8.913466666666666,-16.72295,-9.9441,-33.76145,-39.704550000000005,-11.468116666666667
v5.0.0,AI,A5,-8.658175,-26.356425,-23.3818,-10.292375,-9.639475000000001,-9.17265,-10.7605,-10.42675,-9.7683,-14.941725,-8.65295,-26.416849999999997,-23.434175,-9.473749999999999
v5.0.0,AI,B1,-14.638230000000002,-28.87055,-29.256220000000003,-16.21458,-12.898779999999999,-14.103739999999998,-13.91847,-13.440359999999998,-13.283530000000003,-19.9499,-14.63057,-28.944499999999998,-29.23215,-16.0192
v5.0.0,AI,B2,-23.379222222222225,-40.659955555555555,-41.897755555555555,-25.333833333333335,-25.04895555555556,-25.442999999999998,-22.89331111111111,-22.275622222222225,-25.73587777777778,-34.339277777777774,-23.526477777777778,-40.80345555555555,-42.051944444444445,-25.590677777777778
v5.0.0,AI,E,-11.6042875,-25.57841875,-25.6456625,-13.5103625,-9.82945,-10.561087500000001,-14.37565,-14.138275,-12.04289375,-16.05000625,-11.46253125,-25.636175,-25.60495,-12.3780875
v5.0.0,AI,G1,-13.71555,-39.4732,-51.977225000000004,-17.758025,-9.664725,-12.001275,-14.94125,-14.7596,-13.42055,-27.77715,-13.720475,-39.590925,-51.981275,-16.65005
v5.0.0,AI,G2,-15.226157142857144,-41.63522857142857,-46.32897142857143,-18.662871428571428,-13.394185714285713,-14.090514285714287,-16.003357142857144,-15.483500000000001,-15.081757142857143,-27.15602857142857,-15.254871428571429,-41.56415714285714,-46.29772857142857,-16.961942857142855
v5.0.0,AS,A1,-21.3817375,-31.5396625,-32.48755,-22.5793,-17.7157375,-20.162412500000002,-26.8709625,-25.86625,-20.63285,-26.186075,-21.3328875,-31.535474999999998,-32.5873,-22.68635
v5.0.0,LD,A2,-13.52382105263158,-29.146642105263158,-30.183015789473686,-15.08271052631579,-12.367831578947369,-12.971347368421053,-15.634352631578949,-15.099363157894738,-12.50048947368421,-18.55458947368421,-13.69587894736842,-29.40265789473684,-30.307894736842105,-14.861352631578947
v5.0.0,LD,A3,-14.21655,-27.8598,-27.5780875,-15.5530875,-13.0235,-13.1748625,-14.3865625,-14.011312499999999,-13.542475,-19.44155,-14.256062499999999,-27.789825,-27.2657125,-15.112012499999999
v5.0.0,LD,A4,-15.138133333333334,-34.484500000000004,-37.00718333333334,-17.10546666666667,-16.533516666666667,-15.311316666666668,-14.478383333333333,-15.020233333333332,-13.003016666666667,-19.659200000000002,-15.417616666666666,-34.845733333333335,-37.351,-16.65105
v5.0.0,LD,A5,-11.724375,-31.38765,-17.934874999999998,-12.963049999999999,-11.656125,-11.373775,-14.116725,-13.554649999999999,-12.205625,-15.1756,-11.966225,-31.3345,-17.784875,-12.569949999999999
v5.0.0,LD,B1,-13.572610000000001,-30.910890000000002,-27.09491,-15.181389999999999,-13.564400000000001,-14.110149999999999,-14.890440000000002,-14.403839999999999,-12.73281,-18.05048,-13.42773,-32.38702,-26.862659999999998,-14.746770000000001
v5.0.0,LD,B2,-27.656533333333336,-39.03868888888889,-39.059466666666665,-28.895733333333332,-27.90512222222222,-28.192999999999998,-29.690833333333337,-28.031233333333333,-28.385744444444445,-34.29557777777778,-27.81708888888889,-38.01583333333333,-38.51546666666667,-29.3946
v5.0.0,RA,A1,-21.51725,-33.1338625,-34.7182625,-22.9496125,-18.583637500000002,-20.607825,-27.153175,-25.7378125,-20.7054,-26.96825,-21.5525875,-33.157975,-34.8247875,-23.1372875
v5.0.0,RA,A2,-19.17724210526316,-30.508305263157894,-31.715110526315787,-20.298405263157896,-17.825363157894735,-18.75983157894737,-24.672236842105264,-23.371136842105262,-17.64091052631579,-22.784657894736842,-19.354963157894737,-30.61005789473684,-31.71711578947368,-20.186784210526316
v5.0.0,RA,A3,-21.1178125,-31.807925,-31.849874999999997,-22.2106125,-20.0145625,-20.4805,-25.166587500000002,-23.745250000000002,-20.225575,-25.656275,-21.1413625,-31.6786,-31.4974875,-21.8426625
v5.0.0,RA,A4,-18.63305,-34.43201666666666,-36.432633333333335,-20.25381666666667,-19.522949999999998,-18.84975,-22.663349999999998,-22.049933333333332,-16.686683333333335,-22.305716666666665,-18.844416666666664,-34.496833333333335,-36.28445,-19.86325
v5.0.0,RA,A5,-17.773925,-32.1477,-23.958275,-18.799750000000003,-17.580550000000002,-17.851225,-23.34585,-22.551925,-18.2056,-21.127325,-18.102874999999997,-31.985275,-24.0091,-18.572925
v5.0.0,RA,B1,-17.91863,-28.05897,-26.43592,-18.90025,-18.16963,-18.8172,-22.296789999999998,-21.25492,-16.61873,-19.929570000000002,-17.93018,-28.88446,-26.01066,-18.65657
v5.0.0,RA,B2,-25.525022222222223,-37.89113333333333,-38.91568888888889,-26.9221,-25.981244444444442,-26.44678888888889,-26.998222222222225,-25.648144444444444,-26.919955555555553,-33.612677777777776,-25.64148888888889,-37.667233333333336,-38.431511111111114,-27.547266666666665
v5.0.0,RA,E,-16.15196875,-23.40199375,-21.69905,-17.0706375,-14.779475,-15.09873125,-20.8041375,-20.01390625,-15.5950125,-18.483525,-16.46069375,-23.30358125,-21.53053125,-16.89746875
v5.0.0,RA,G1,-23.521625,-42.411175,-50.212175,-25.805175,-20.412175,-22.019,-32.574375,-31.0905,-22.590425,-33.533275,-23.721275,-42.69655,-50.460475,-25.309925
v5.0.0,RA,G2,-20.03102857142857,-41.11919999999999,-45.44694285714286,-22.515557142857144,-19.38172857142857,-19.792957142857144,-26.811857142857143,-25.68584285714286,-19.504685714285717,-27.206557142857143,-19.89304285714286,-42.026599999999995,-45.323699999999995,-20.818828571428572
v5.0.0,Still,F1,-6.9506250000000005,-24.722796428571428,-28.24625,-8.965539285714286,-6.421489285714286,-7.179539285714286,-7.986871428571429,-7.618342857142857,-8.294421428571429,-11.804735714285714,-6.9506250000000005,-24.722796428571428,-28.24625,-7.988857142857142
v5.0.0,Still,F2,-8.843203448275862,-20.006886206896553,-21.443420689655174,-10.396475862068964,-8.144037931034482,-8.81974827586207,-8.393689655172414,-8.288655172413794,-9.565479310344829,-13.04483448275862,-8.843203448275862,-20.006886206896553,-21.443420689655174,-9.78832068965517
v6.0.0,AI,A1,-14.0295125,-28.594749999999998,-29.527675,-15.9130875,-11.545875,-13.4736625,-15.337675,-14.97415,-14.24945,-21.75155,-14.0248375,-28.5968875,-29.5200375,-16.368000000000002
v6.0.0,AI,A2,-13.04377894736842,-29.45113157894737,-33.07223684210527,-14.9321,-11.494305263157894,-12.36812105263158,-13.90301052631579,-13.329021052631578,-12.929968421052632,-20.439273684210526,-13.039510526315789,-29.44134736842105,-33.07116315789474,-14.701105263157896
v6.0.0,AI,A3,-13.954337500000001,-30.9493875,-34.653575000000004,-15.8510875,-13.088425,-13.3097,-14.6854875,-14.4645125,-13.9863875,-20.5527625,-13.9540625,-30.944225,-34.6421875,-15.287275000000001
v6.0.0,AI,A4,-11.947683333333332,-40.208,-44.364083333333326,-14.80565,-13.7189,-12.199816666666665,-12.239666666666665,-11.645499999999998,-12.525816666666666,-21.643,-11.944899999999999,-40.217333333333336,-44.096849999999996,-13.708666666666666
v6.0.0,AI,A5,-9.848125,-30.732725000000002,-26.0922,-11.7391,-10.9093,-10.4371,-12.2566,-12.005099999999999,-11.274475,-17.616799999999998,-9.840475,-30.799925,-26.177225,-10.832075
v6.0.0,AI,B1,-16.91677,-33.57926,-33.82604,-18.77105,-15.51552,-16.29535,-16.778950000000002,-16.279320000000002,-16.9889,-25.47316,-16.898609999999998,-33.616910000000004,-33.78681,-18.49905
v6.0.0,AI,B2,-25.653977777777776,-43.46378888888889,-44.20393333333333,-27.724788888888888,-27.950000000000003,-28.42983333333333,-25.737122222222222,-25.365288888888887,-28.478944444444444,-37.74693333333333,-25.75623333333333,-43.66617777777778,-44.34675555555556,-27.937366666666666
v6.0.0,AI,E,-13.000125,-29.6432,-29.65913125,-15.3053,-11.44893125,-12.09578125,-16.2998375,-16.14044375,-13.778387500000001,-18.5043125,-12.847525000000001,-29.660925,-29.54583125,-13.9800625
v6.0.0,AI,G1,-15.993974999999999,-41.625425,-53.79585,-20.0514,-11.6064,-14.241475000000001,-17.53315,-17.127125,-15.478200000000001,-30.6179,-15.996175000000001,-41.748225,-53.809250000000006,-18.809649999999998
v6.0.0,AI,G2,-17.1899,-45.912014285714285,-52.4825,-21.037414285714284,-15.471528571428573,-16.145957142857146,-18.063214285714285,-17.564,-17.202628571428573,-30.13855714285714,-17.21867142857143,-45.95355714285714,-52.455771428571424,-19.09367142857143
v6.0.0,AS,A1,-24.2454125,-34.28485,-34.9691125,-25.454225,-20.36555,-22.98305,-29.876125000000002,-29.0475875,-23.2755625,-29.0916,-24.181575000000002,-34.287,-35.0839625,-25.517512500000002
v6.0.0,LD,A2,-15.103584210526316,-32.824915789473685,-33.421026315789476,-16.841057894736842,-13.834326315789474,-14.353015789473682,-17.44504736842105,-16.78334736842105,-14.40335789473684,-22.073036842105264,-15.261473684210527,-33.11677368421053,-33.57590526315789,-16.539742105263155
v6.0.0,LD,A3,-15.8761875,-33.0616125,-32.8731,-17.6127125,-14.5785375,-14.72225,-16.601375,-16.1094375,-15.2231,-22.2592125,-15.9347875,-33.113025,-32.67665,-16.9584875
v6.0.0,LD,A4,-17.306116666666664,-40.32248333333333,-41.67098333333333,-19.6242,-18.011950000000002,-16.583116666666665,-15.789516666666666,-16.457366666666665,-17.087816666666665,-24.468116666666663,-17.561233333333334,-40.7742,-41.17593333333333,-18.9677
v6.0.0,LD,A5,-13.437149999999999,-34.294875000000005,-25.510025,-14.9637,-13.19925,-13.2882,-17.502875,-16.757625,-14.149975,-17.507925,-13.76465,-34.72225,-25.9189,-14.485975
v6.0.0,LD,B1,-14.991399999999999,-36.46696,-32.482150000000004,-17.09156,-15.603469999999998,-15.731029999999999,-16.27627,-15.89031,-15.58365,-24.8808,-14.74503,-37.87572,-31.891520000000003,-16.39958
v6.0.0,LD,B2,-32.86601111111111,-44.95222222222222,-45.00794444444445,-34.23477777777778,-33.99926666666667,-34.04745555555556,-36.776177777777775,-35.4362,-34.23256666666666,-41.30406666666667,-33.04337777777778,-44.05126666666666,-44.46901111111111,-34.73251111111111
v6.0.0,RA,A1,-24.2984375,-35.7914125,-36.999449999999996,-25.6903875,-21.77225,-23.664975000000002,-29.820700000000002,-28.4994875,-23.4202875,-29.9469125,-24.294025,-35.82305,-37.12595,-25.8514375
v6.0.0,RA,A2,-21.61037894736842,-35.637089473684206,-36.292594736842105,-22.96487894736842,-20.200184210526317,-21.09217894736842,-26.760184210526315,-25.612368421052633,-20.457026315789474,-27.372884210526315,-21.763652631578946,-35.79073157894737,-36.34963157894737,-22.742742105263158
v6.0.0,RA,A3,-23.607775,-38.99055,-37.4266125,-25.146275,-22.624925,-23.0269375,-27.525750000000002,-26.331325,-22.837400000000002,-29.2068375,-23.6133125,-38.9535875,-37.15685,-24.4876
v6.0.0,RA,A4,-22.0887,-41.66016666666667,-42.44403333333333,-24.044083333333333,-22.43556666666667,-21.76255,-25.87725,-25.215500000000002,-21.901600000000002,-28.506133333333334,-22.255166666666668,-41.89523333333333,-42.015166666666666,-23.390416666666667
v6.0.0,RA,A5,-20.888624999999998,-35.483225000000004,-30.05525,-22.063775,-20.7729,-21.216549999999998,-26.5623,-25.988425,-21.553975,-24.614075,-21.226574999999997,-35.662675,-30.193625,-21.7569
v6.0.0,RA,B1,-20.07504,-34.6389,-31.94075,-21.50692,-21.12768,-21.35662,-24.68326,-23.72622,-20.21589,-27.433280000000003,-19.94318,-35.26057,-31.24447,-20.92425
v6.0.0,RA,B2,-29.901622222222223,-42.9774,-43.93615555555556,-31.429266666666667,-31.058,-31.4079,-32.643522222222224,-31.674344444444444,-31.851777777777777,-39.32902222222222,-29.902833333333334,-42.725699999999996,-43.603566666666666,-31.930844444444443
v6.0.0,RA,E,-18.59005625,-29.8257125,-27.85915,-19.993650000000002,-17.53796875,-17.5827875,-23.74525625,-22.9505375,-18.235556250000002,-22.48825,-18.82648125,-29.7156125,-27.74755,-19.535775
v6.0.0,RA,G1,-27.18675,-47.93045,-54.335499999999996,-29.50945,-24.5987,-25.500375,-35.56715,-34.144975,-26.012050000000002,-38.2096,-27.35125,-48.32665,-54.852475,-29.008925
v6.0.0,RA,G2,-22.720057142857144,-45.034699999999994,-50.37298571428572,-25.401685714285716,-21.96202857142857,-22.424457142857143,-29.5994,-28.5463,-22.202014285714284,-30.749428571428574,-22.544557142857144,-45.45717142857143,-49.884414285714286,-23.5831
v6.0.0,Still,F1,-8.091071428571428,-26.86175,-30.20335,-10.224371428571429,-7.634914285714286,-8.626328571428571,-9.399496428571428,-9.11965,-9.857757142857142,-13.315028571428572,-8.091071428571428,-26.86175,-30.20335,-9.191642857142856
v6.0.0,Still,F2,-9.826213793103447,-22.687796551724137,-26.56816551724138,-11.623824137931035,-9.443541379310345,-10.038831034482758,-9.594262068965518,-9.431386206896551,-10.9748,-14.901524137931036,-9.826213793103447,-22.687796551724137,-26.56816551724138,-10.967406896551724
v7.0.0,AI,A1,-14.971662499999999,-31.326325,-31.329225,-17.066475,-12.2749125,-14.33005,-16.7803625,-16.3432125,-15.230325,-23.4245125,-14.9664,-31.3321625,-31.3157625,-17.4815625
v7.0.0,AI,A2,-13.848852631578946,-32.24166842105264,-34.531036842105266,-15.90518947368421,-12.085115789473685,-13.035757894736841,-14.996605263157894,-14.434747368421052,-13.709836842105263,-21.91931052631579,-13.845773684210528,-32.22203684210526,-34.516094736842106,-15.657984210526317
v7.0.0,AI,A3,-14.7651875,-34.3199875,-36.5177875,-16.8985625,-13.81395,-14.0771375,-15.7431,-15.5179625,-14.8152125,-22.100450000000002,-14.764787499999999,-34.3156625,-36.492399999999996,-16.2154125
v7.0.0,AI,A4,-12.712066666666667,-43.941833333333335,-45.16295,-15.819166666666666,-14.447466666666665,-12.815916666666666,-12.8759,-12.341766666666667,-13.24145,-23.464116666666666,-12.707866666666668,-43.959316666666666,-44.99556666666667,-14.644916666666667
v7.0.0,AI,A5,-10.90605,-33.278525,-26.369025,-12.866825,-12.064,-11.571025,-13.570875000000001,-13.431075,-12.355825,-19.5224,-10.900075000000001,-33.29505,-26.41975,-11.9341
v7.0.0,AI,B1,-17.89116,-36.917539999999995,-36.57333,-19.99655,-16.38758,-17.23744,-18.00326,-17.492169999999998,-18.05011,-27.5935,-17.871760000000002,-36.95643,-36.52471,-19.61438
v7.0.0,AI,B2,-27.4802,-44.4521,-45.68138888888889,-29.514933333333335,-30.05906666666667,-30.493100000000002,-26.839055555555557,-26.723244444444443,-30.4133,-38.92234444444445,-27.59122222222222,-44.60738888888889,-45.815200000000004,-29.727666666666664
v7.0.0,AI,E,-13.92759375,-30.82854375,-30.001618750000002,-16.2095,-12.2908625,-12.96960625,-17.60901875,-17.45715,-14.70529375,-19.60984375,-13.7704625,-30.8603125,-29.92565625,-14.91268125
v7.0.0,AI,G1,-16.871875,-43.072900000000004,-52.922174999999996,-20.630924999999998,-12.573525,-15.127525,-18.94575,-18.512575,-16.384050000000002,-31.86655,-16.873375,-43.1914,-52.956375,-19.71175
v7.0.0,AI,G2,-18.064057142857145,-45.85364285714286,-48.29275714285715,-21.485985714285714,-16.094285714285714,-16.892242857142858,-19.189400000000003,-18.6847,-17.989857142857144,-30.74177142857143,-18.0979,-45.85021428571429,-48.256228571428565,-20.0069
v7.0.0,AS,A1,-25.4281875,-36.4915375,-36.2913875,-26.72065,-21.349825,-24.0248625,-30.591075,-29.7040625,-24.383074999999998,-30.7619125,-25.3700625,-36.5066625,-36.4171625,-26.7601375
v7.0.0,LD,A2,-16.252384210526316,-35.84964210526316,-36.63602631578948,-18.212984210526315,-15.148347368421053,-15.536505263157895,-19.15663684210526,-18.463694736842104,-15.746952631578946,-23.851515789473684,-16.43854736842105,-36.16295789473684,-36.79772105263158,-17.851152631578948
v7.0.0,LD,A3,-17.40485,-36.2693375,-35.608450000000005,-19.3503875,-16.072275,-16.248775,-18.2801875,-17.869825,-16.833525,-24.2458375,-17.4675375,-36.3520125,-35.4837875,-18.5522625
v7.0.0,LD,A4,-18.479366666666667,-43.177699999999994,-44.11351666666667,-20.949633333333335,-19.246216666666665,-18.030966666666668,-17.532799999999998,-18.16855,-18.40695,-26.172700000000003,-18.754266666666666,-43.65973333333333,-43.77436666666667,-20.231733333333334
v7.0.0,LD,A5,-14.837074999999999,-36.512875,-25.90425,-16.378275,-14.6094,-14.8017,-19.33305,-18.549525,-15.715149999999998,-19.88795,-15.172474999999999,-37.034825,-26.433475,-15.91245
v7.0.0,LD,B1,-16.4987,-40.83368,-36.37445,-18.92323,-17.21656,-17.32536,-18.5327,-18.04685,-17.33795,-27.43204,-16.19188,-41.67936,-35.48338,-18.12252
v7.0.0,LD,B2,-34.58672222222222,-46.21563333333333,-46.68853333333333,-35.94036666666667,-35.94072222222222,-36.046822222222225,-38.000411111111106,-36.772688888888894,-36.04578888888889,-41.703244444444444,-34.737255555555556,-45.32121111111111,-46.133966666666666,-36.3966
v7.0.0,RA,A1,-25.11985,-38.682075,-39.064925,-26.753375,-22.6566875,-24.4601875,-30.7501875,-29.4224625,-24.391275,-31.7409,-25.127975,-38.732875,-39.1836625,-26.87455
v7.0.0,RA,A2,-22.421247368421053,-39.01405263157895,-39.75175789473684,-24.065931578947367,-21.03386842105263,-21.920663157894737,-27.728726315789476,-26.584257894736844,-21.411821052631577,-29.07022105263158,-22.5843,-39.17052631578947,-39.836215789473684,-23.725952631578945
v7.0.0,RA,A3,-24.655175,-42.9933875,-42.151650000000004,-26.652874999999998,-23.6796625,-24.111787500000002,-28.4684125,-27.391475,-24.0086625,-31.2033,-24.66085,-43.04815,-41.9882875,-25.666775
v7.0.0,RA,A4,-22.962733333333333,-44.890683333333335,-45.05811666666667,-25.119733333333333,-23.269133333333333,-22.718166666666665,-26.899666666666665,-26.344183333333334,-22.8681,-30.15155,-23.13123333333333,-45.11058333333333,-44.762683333333335,-24.35455
v7.0.0,RA,A5,-21.994075,-37.8729,-31.423225,-23.25235,-21.943075,-22.497125,-27.304949999999998,-26.894174999999997,-22.76875,-26.61235,-22.356125,-38.128475,-31.704625,-22.909475
v7.0.0,RA,B1,-21.41988,-40.19841,-37.387389999999996,-23.34471,-22.47849,-22.78014,-26.32045,-25.32226,-21.881279999999997,-30.45967,-21.21162,-40.71499,-36.39998,-22.542009999999998
v7.0.0,RA,B2,-31.514166666666668,-44.49067777777778,-45.72924444444445,-33.05844444444445,-33.01355555555555,-33.359233333333336,-33.87248888888889,-33.082522222222224,-33.71216666666666,-40.51681111111111,-31.48551111111111,-44.261066666666665,-45.40292222222222,-33.50688888888889
v7.0.0,RA,E,-19.55705,-35.13535,-32.08983125,-21.39264375,-18.49269375,-18.4878125,-25.092325,-24.24795625,-19.3743625,-24.60978125,-19.79495625,-34.97619375,-32.0900375,-20.68220625
v7.0.0,RA,G1,-28.033475000000003,-52.474775,-56.66175,-30.581525,-25.5582,-26.3917,-36.532275,-35.139375,-27.042525,-40.68575,-28.203025,-52.9499,-57.088049999999996,-30.07685
v7.0.0,RA,G2,-23.79657142857143,-47.8221,-51.64304285714286,-26.641785714285714,-23.1051,-23.553885714285713,-30.60892857142857,-29.634700000000002,-23.548499999999997,-32.94988571428571,-23.579157142857145,-48.717128571428574,-51.50961428571429,-24.911185714285715
v7.0.0,Still,F1,-8.171957142857142,-28.0515,-31.56845714285714,-10.451292857142857,-7.755710714285714,-8.776714285714286,-9.6936,-9.452782142857144,-10.055378571428573,-13.791657142857144,-8.171957142857142,-28.0515,-31.56845714285714,-9.383964285714285
v7.0.0,Still,F2,-10.277055172413794,-23.85976551724138,-27.36627931034483,-12.145510344827587,-9.928462068965517,-10.562217241379312,-10.183875862068966,-10.102465517241379,-11.562596551724138,-15.810110344827587,-10.277055172413794,-23.85976551724138,-27.36627931034483,-11.498831034482759
v8.0.0,AI,A1,-15.548224999999999,-32.010125,-32.122437500000004,-17.669525,-12.5974625,-14.8135125,-17.2742,-16.8647875,-15.798625000000001,-24.071575,-15.5432,-32.015612499999996,-32.10765,-18.0933375
v8.0.0,AI,A2,-14.402894736842107,-33.26203157894737,-35.441089473684215,-16.519268421052633,-12.604126315789474,-13.578405263157894,-15.62388947368421,-15.086573684210526,-14.28295789473684,-22.71853157894737,-14.398331578947369,-33.24182105263158,-35.43378421052631,-16.25737894736842
v8.0.0,AI,A3,-16.065525,-35.538,-38.032399999999996,-18.214375,-15.163174999999999,-15.443425,-16.9445625,-16.8269375,-16.147825,-23.570275000000002,-16.0652875,-35.5332375,-38.02445,-17.519775
v8.0.0,AI,A4,-13.551116666666667,-46.014783333333334,-46.243966666666665,-16.757533333333335,-15.381983333333332,-13.620433333333333,-13.598583333333332,-13.093433333333332,-14.11435,-24.833983333333332,-13.545766666666665,-46.0376,-46.1634,-15.599933333333333
v8.0.0,AI,A5,-11.647649999999999,-34.097350000000006,-26.422649999999997,-13.590875,-12.8938,-12.4049,-14.324375,-14.1704,-13.0632,-20.221725,-11.6394,-34.087375,-26.4673,-12.645425
v8.0.0,AI,B1,-19.34834,-38.87219,-38.56807,-21.52862,-17.76793,-18.65432,-19.308619999999998,-18.87802,-19.54741,-29.194530000000004,-19.316399999999998,-38.90812,-38.50479,-21.14136
v8.0.0,AI,B2,-34.15165555555556,-50.272333333333336,-51.22977777777778,-36.04815555555555,-36.88932222222222,-37.361999999999995,-34.19267777777778,-33.757666666666665,-37.13155555555555,-45.23234444444444,-34.27014444444445,-50.5084,-51.40468888888889,-36.2111
v8.0.0,AI,E,-14.659868750000001,-31.58108125,-30.601375,-16.9269375,-12.8601625,-13.61043125,-18.42659375,-18.235174999999998,-15.37174375,-20.2975375,-14.50968125,-31.625275000000002,-30.51386875,-15.6432375
v8.0.0,AI,G1,-16.9244,-43.365875,-52.81265,-20.679949999999998,-12.348925000000001,-15.0749,-18.654925,-18.265774999999998,-16.42755,-31.918275,-16.926924999999997,-43.491600000000005,-52.813675,-19.7888
v8.0.0,AI,G2,-18.465128571428572,-46.04722857142857,-49.0906,-21.908985714285713,-16.392657142857143,-17.21774285714286,-19.49105714285714,-19.019000000000002,-18.361785714285713,-31.048814285714286,-18.500128571428572,-46.06167142857142,-49.04618571428572,-20.43961428571429
v8.0.0,AS,A1,-26.2332125,-37.452475,-37.220025,-27.542324999999998,-22.224225,-24.900637500000002,-31.3643875,-30.5164,-25.224362499999998,-31.71885,-26.1759375,-37.48305,-37.33795,-27.5872
v8.0.0,LD,A2,-16.961384210526315,-36.31577894736842,-37.075594736842106,-18.893394736842104,-15.781726315789474,-16.24117894736842,-19.360373684210526,-18.750594736842107,-16.424552631578948,-24.33442105263158,-17.15272105263158,-36.6046,-37.21328947368421,-18.53081052631579
v8.0.0,LD,A3,-18.017924999999998,-36.833262500000004,-36.356,-19.967425,-16.7516625,-16.941612499999998,-18.7442,-18.32025,-17.439262499999998,-24.8860625,-18.085425,-36.9187625,-36.258812500000005,-19.1706375
v8.0.0,LD,A4,-19.019616666666668,-43.9897,-44.03235,-21.505416666666665,-19.73763333333333,-18.519716666666667,-17.728033333333332,-18.363016666666667,-19.080816666666667,-26.995949999999997,-19.290866666666666,-44.390433333333334,-43.90226666666666,-20.768333333333334
v8.0.0,LD,A5,-15.852350000000001,-36.028324999999995,-26.805500000000002,-17.2948,-15.6501,-15.695374999999999,-20.209075,-19.44845,-16.610575,-20.5411,-16.2177,-36.4105,-27.20095,-16.902475
v8.0.0,LD,B1,-17.51951,-41.57729,-37.68824,-19.9441,-18.26422,-18.4703,-19.06017,-18.683429999999998,-18.43674,-28.44499,-17.20198,-42.484320000000004,-36.838029999999996,-19.15153
v8.0.0,LD,B2,-37.940355555555556,-49.05876666666667,-49.095866666666666,-39.190244444444446,-39.24281111111111,-39.32688888888889,-40.89541111111111,-39.870644444444444,-39.28044444444444,-44.99368888888889,-38.07345555555556,-48.15452222222222,-48.554655555555556,-39.59655555555556
v8.0.0,RA,A1,-25.724275,-39.4617375,-40.0188,-27.3922,-22.9831375,-25.0066125,-30.71595,-29.510237500000002,-24.9579375,-32.4592625,-25.7349125,-39.5057125,-40.141125,-27.516750000000002
v8.0.0,RA,A2,-23.205057894736843,-40.029705263157894,-40.47417368421052,-24.863694736842103,-21.787042105263158,-22.69264210526316,-28.27888947368421,-27.190510526315787,-22.20261052631579,-29.93694210526316,-23.377915789473686,-40.16581578947368,-40.53738421052631,-24.522610526315788
v8.0.0,RA,A3,-25.5759,-43.479575,-42.345075,-27.484099999999998,-24.6036,-25.0784625,-29.39665,-28.284925,-24.877925,-31.9835875,-25.5799625,-43.5219625,-42.2326,-26.567275
v8.0.0,RA,A4,-23.80305,-46.206183333333335,-45.7914,-25.99415,-24.063683333333334,-23.50578333333333,-27.51035,-26.967916666666667,-23.76385,-31.214566666666666,-23.9815,-46.45015,-45.42941666666667,-25.22375
v8.0.0,RA,A5,-23.321525,-39.38015,-31.992425,-24.5538,-23.156025,-23.5472,-28.9651,-28.3586,-23.984099999999998,-27.928024999999998,-23.7025,-39.71425,-32.304625,-24.236125
v8.0.0,RA,B1,-22.63149,-41.23012,-39.08118,-24.57247,-23.69538,-24.058429999999998,-27.23415,-26.30625,-23.134729999999998,-31.70104,-22.42621,-41.7356,-38.155989999999996,-23.770400000000002
v8.0.0,RA,B2,-36.3877,-48.379155555555556,-49.26387777777778,-37.79051111111111,-37.910288888888886,-38.26898888888889,-38.40505555555555,-37.742177777777776,-38.42258888888889,-44.8148,-36.360755555555556,-48.15815555555556,-49.05231111111111,-38.170833333333334
v8.0.0,RA,E,-20.4783125,-35.30654375,-33.0627875,-22.24621875,-19.318550000000002,-19.441125,-25.594931250000002,-24.8303125,-20.2179,-25.19759375,-20.739925,-35.1605625,-33.058375,-21.58690625
v8.0.0,RA,G1,-28.349175,-52.929625,-56.366125,-30.888125000000002,-25.67235,-26.64995,-36.27865,-34.8649,-27.3494,-40.15555,-28.536925,-53.39895,-56.747575,-30.3978
v8.0.0,RA,G2,-24.313914285714283,-48.77145714285714,-52.35071428571428,-27.221242857142858,-23.580014285714288,-24.05977142857143,-30.44387142857143,-29.535214285714286,-24.06742857142857,-33.451657142857144,-24.115214285714284,-49.560114285714285,-52.31977142857143,-25.477642857142857
v8.0.0,Still,F1,-8.464610714285714,-28.365485714285715,-32.096785714285716,-10.760774999999999,-7.805571428571428,-8.920192857142856,-10.505507142857143,-10.140528571428572,-10.280189285714286,-14.016932142857144,-8.464610714285714,-28.365485714285715,-32.096785714285716,-9.682539285714286
v8.0.0,Still,F2,-10.919272413793104,-24.920186206896553,-28.16788620689655,-12.821531034482758,-10.610544827586207,-11.251924137931034,-11.134075862068965,-11.000841379310346,-12.23698275862069,-16.453106896551724,-10.919272413793104,-24.920186206896553,-28.16788620689655,-12.166803448275862
v9.0.0,AI,A1,-18.0573,-31.7262125,-32.155575,-19.791225,-15.659500000000001,-17.2111875,-20.2087125,-19.776575,-18.1880125,-24.9444625,-18.0545,-31.729475,-32.143525,-20.1518625
v9.0.0,AI,A2,-16.646536842105263,-33.67245263157895,-35.939005263157895,-18.55742105263158,-15.359763157894738,-15.834399999999999,-18.550852631578948,-18.145705263157893,-16.72684736842105,-24.042621052631578,-16.638994736842104,-33.66766315789474,-35.927205263157894,-18.240005263157894
v9.0.0,AI,A3,-18.0950125,-35.3556375,-37.8243875,-19.9803375,-17.098525000000002,-17.2825625,-19.7194125,-19.5522125,-18.2169375,-24.651775,-18.0950125,-35.34965,-37.8074875,-19.3204625
v9.0.0,AI,A4,-15.060333333333332,-46.68571666666667,-47.061883333333334,-18.20123333333333,-16.22375,-15.0008,-16.07388333333333,-15.7963,-16.235133333333334,-26.071866666666665,-15.057699999999999,-46.68291666666667,-46.889700000000005,-17.0195
v9.0.0,AI,A5,-13.118125,-32.7552,-24.91755,-14.746825,-13.933575,-14.023775,-17.12155,-16.9539,-14.816650000000001,-20.9105,-13.110800000000001,-32.766525,-24.972,-13.9277
v9.0.0,AI,B1,-20.43061,-38.38062,-38.0547,-22.416900000000002,-19.428910000000002,-19.907040000000002,-21.56165,-21.14226,-21.01583,-29.89052,-20.37827,-38.41124,-37.99896,-21.96898
v9.0.0,AI,B2,-36.38816666666666,-51.200466666666664,-52.09234444444444,-38.109544444444445,-38.8587,-39.263755555555555,-34.0392,-34.2145,-39.0455,-46.35986666666666,-36.53944444444445,-51.548700000000004,-52.46111111111111,-38.38437777777778
v9.0.0,AI,E,-16.3450125,-31.45095625,-30.59275625,-18.410062500000002,-15.53616875,-15.59031875,-20.71301875,-20.60668125,-17.71928125,-21.28573125,-16.386725,-31.504025000000002,-30.50613125,-17.2655375
v9.0.0,AI,G1,-18.9892,-42.552949999999996,-41.480000000000004,-22.80835,-15.392225,-17.099525,-21.9708,-21.654625,-18.6375,-33.370925,-18.9987,-42.683,-41.549175,-21.6681
v9.0.0,AI,G2,-20.340585714285716,-46.95024285714286,-51.10731428571428,-23.933,-18.79,-19.30852857142857,-21.625657142857143,-21.30757142857143,-20.51314285714286,-32.973285714285716,-20.371185714285712,-46.98555714285715,-51.11037142857143,-22.111171428571428
v9.0.0,AS,A1,-28.4412125,-37.4619875,-37.320862500000004,-29.507325,-24.398075,-26.501775,-32.6123,-31.816175,-27.34945,-32.68935,-28.4937375,-37.5696,-37.527924999999996,-29.6735625
v9.0.0,LD,A2,-19.217610526315788,-35.58265789473685,-36.10291052631579,-20.835563157894736,-18.063368421052633,-18.165952631578946,-22.217315789473684,-21.595868421052632,-18.853457894736845,-25.127757894736845,-19.67917894736842,-36.10808947368421,-36.46925789473684,-20.820478947368418
v9.0.0,LD,A3,-19.8509125,-36.6880375,-35.9916375,-21.581325,-18.403525000000002,-18.5368625,-20.881375,-20.342475,-19.52665,-25.5746125,-19.9152375,-36.8545625,-35.995475,-20.818375
v9.0.0,LD,A4,-21.528116666666666,-43.83838333333333,-43.7357,-23.729983333333333,-20.78585,-20.1718,-21.625433333333334,-22.220116666666666,-21.678583333333336,-28.1687,-22.06811666666667,-44.44748333333334,-43.92683333333333,-23.359966666666665
v9.0.0,LD,A5,-18.6999,-36.506825,-25.4491,-19.823975,-17.892775,-18.3966,-23.27785,-22.42415,-19.531025,-21.97845,-19.146975,-36.474025,-25.92,-19.66825
v9.0.0,LD,B1,-19.09468,-41.76169,-36.96753,-21.31724,-19.27841,-19.24569,-21.69551,-21.18045,-20.07915,-28.802139999999998,-19.23683,-43.09968,-36.64488,-21.10285
v9.0.0,LD,B2,-39.51734444444444,-50.18527777777778,-49.92393333333334,-40.70663333333333,-41.39487777777778,-41.3819,-43.2768,-42.12885555555555,-41.465888888888884,-46.180077777777775,-39.7616,-49.43774444444445,-49.54657777777778,-41.216300000000004
v9.0.0,RA,A1,-27.8280375,-38.8759,-39.6793,-29.1564375,-25.7491625,-26.7918,-33.055075,-31.8196875,-27.1327875,-32.8311,-27.9571,-39.0056625,-39.88535,-29.4158
v9.0.0,RA,A2,-25.50755263157895,-39.53334210526316,-40.173031578947366,-26.869810526315792,-24.05407894736842,-24.65147894736842,-30.934063157894737,-29.91085789473684,-24.716784210526317,-30.810200000000002,-25.875426315789475,-39.83421578947368,-40.363368421052634,-26.805394736842107
v9.0.0,RA,A3,-27.3723,-43.3696125,-42.1406125,-29.059199999999997,-26.2528875,-26.6221125,-31.0655625,-29.967074999999998,-26.8892,-32.835175,-27.357325,-43.493975,-42.112475,-28.1813
v9.0.0,RA,A4,-25.846183333333332,-46.82916666666667,-45.328133333333334,-27.84975,-25.051033333333333,-25.07665,-30.4817,-30.03375,-26.046216666666666,-32.38591666666667,-26.23991666666667,-47.237500000000004,-45.565583333333336,-27.36866666666667
v9.0.0,RA,A5,-26.179325,-37.9089,-29.6306,-26.9181,-25.778125,-26.54885,-31.851125,-31.380375,-26.95075,-29.0851,-26.652075,-38.081450000000004,-29.877299999999998,-26.991300000000003
v9.0.0,RA,B1,-24.67154,-41.56893,-38.685719999999996,-26.387700000000002,-25.234389999999998,-25.38917,-29.76519,-28.81146,-25.32183,-32.46512,-24.91939,-42.6219,-38.25598,-26.19298
v9.0.0,RA,B2,-38.029799999999994,-49.29207777777778,-50.097477777777776,-39.342844444444445,-39.975566666666666,-40.23453333333333,-40.826766666666664,-39.97671111111111,-40.47023333333333,-46.129755555555555,-38.122600000000006,-49.04481111111111,-49.744499999999995,-39.80131111111111
v9.0.0,RA,E,-22.27211875,-35.47281875,-33.751425,-23.90824375,-21.3226,-21.189825,-27.55056875,-26.76561875,-22.18641875,-26.3581125,-22.6501625,-35.553425,-33.9595,-23.39304375
v9.0.0,RA,G1,-31.542025,-52.167249999999996,-57.20085,-33.814125,-29.5165,-29.654175,-39.58215,-38.16625,-30.497374999999998,-42.24905,-32.0207,-52.771550000000005,-57.741325,-33.6679
v9.0.0,RA,G2,-26.95057142857143,-48.803842857142854,-53.72117142857143,-29.6382,-25.956514285714288,-26.333414285714287,-33.218828571428574,-32.36111428571429,-26.830314285714287,-34.715114285714286,-27.005300000000002,-50.16042857142857,-54.17644285714285,-28.213328571428573
v9.0.0,Still,F1,-11.3249,-27.74054642857143,-31.50325714285714,-13.237428571428572,-11.523164285714286,-11.91252857142857,-14.583153571428571,-14.107175,-13.211025000000001,-15.883910714285715,-11.3249,-27.74054642857143,-31.50325714285714,-12.256889285714285
v9.0.0,Still,F2,-12.63088275862069,-24.975013793103447,-25.761272413793105,-14.382058620689655,-13.135510344827587,-13.378586206896552,-14.430910344827586,-14.395055172413793,-14.496313793103448,-17.57973103448276,-12.63088275862069,-24.975013793103447,-25.761272413793105,-13.623655172413793
