TestCfg,EncodeMethod,CodecName,EncodePreset,Class,Name,Res,FPS,BitDepth,QP,POC,FrameType,Level,qindex,FrameSize,PSNR_Y,PSNR_U,PSNR_V,SSIM_Y(dB),MS-SSIM_Y(dB),VMAF_Y,VMAF_Y-NEG,PSNR-HVS,CIEDE2000,CAMBI
STILL,aom,av1,0,F1,animals_00.y4m,4032x3024,25,8,15,,41.431406,44.976168,47.560222,43.578421,26.966750,95.971559,94.949480,48.199774,42.203783,0.000100
STILL,aom,av1,0,F1,animals_00.y4m,4032x3024,25,8,23,,38.129952,43.073699,45.930289,40.195155,23.493399,94.834683,93.619930,44.520460,39.601276,0.000609
STILL,aom,av1,0,F1,animals_00.y4m,4032x3024,25,8,31,,34.500182,41.005286,44.087865,36.078245,19.818425,92.499761,90.857124,39.865286,36.671071,0.001529
STILL,aom,av1,0,F1,animals_00.y4m,4032x3024,25,8,39,,31.581360,39.050522,42.259902,31.540911,17.016887,86.850533,84.957672,35.233517,34.197314,0.002843
STILL,aom,av1,0,F1,animals_00.y4m,4032x3024,25,8,47,,29.116320,37.164515,40.158261,27.233183,14.635770,76.544283,74.502386,30.838947,32.019108,0.009690
STILL,aom,av1,0,F1,animals_00.y4m,4032x3024,25,8,55,,26.636916,35.040809,37.199287,22.892932,12.075484,60.673180,58.715970,26.502024,29.725476,0.016740
STILL,aom,av1,0,F1,animals_03.y4m,4032x3024,25,8,15,,41.565298,47.620597,48.065097,39.276162,23.883122,94.831846,93.704699,46.334803,43.193699,0.005906
STILL,aom,av1,0,F1,animals_03.y4m,4032x3024,25,8,23,,38.814911,46.337262,46.878107,35.857317,20.835372,93.191466,91.747084,42.842495,41.168710,0.131452
STILL,aom,av1,0,F1,animals_03.y4m,4032x3024,25,8,31,,36.011449,44.898371,45.579152,31.729501,17.491034,89.410336,87.611409,38.411401,39.009369,0.573061
STILL,aom,av1,0,F1,animals_03.y4m,4032x3024,25,8,39,,33.841632,43.523121,44.185550,27.604391,14.717044,81.871267,79.811409,34.141914,37.188146,1.221926
STILL,aom,av1,0,F1,animals_03.y4m,4032x3024,25,8,47,,32.083675,42.038460,42.538884,23.959762,12.595787,69.244738,67.405966,30.674004,35.523712,1.787436
STILL,aom,av1,0,F1,animals_03.y4m,4032x3024,25,8,55,,30.263482,40.261738,40.662864,20.359629,10.706417,51.830624,50.403256,27.612864,33.715263,1.740348
STILL,aom,av1,0,F1,animals_09.y4m,4032x3024,25,8,15,,46.534121,52.668967,53.411066,36.591082,23.521118,94.676947,93.036478,45.052254,49.097448,0.055072
STILL,aom,av1,0,F1,animals_09.y4m,4032x3024,25,8,23,,44.550865,51.428351,52.196127,33.437920,21.201029,92.842792,90.944030,42.421389,47.227834,0.112243
STILL,aom,av1,0,F1,animals_09.y4m,4032x3024,25,8,31,,42.086908,49.786559,50.712296,29.429822,18.387701,88.507302,86.465515,39.152089,44.953780,0.397759
STILL,aom,av1,0,F1,animals_09.y4m,4032x3024,25,8,39,,39.561805,47.797486,48.904834,25.034535,15.687241,79.787704,77.806429,35.982458,42.594616,0.647867
STILL,aom,av1,0,F1,animals_09.y4m,4032x3024,25,8,47,,37.394766,45.816532,46.942598,21.087468,13.619408,66.977510,65.233510,33.454513,40.528352,0.777869
STILL,aom,av1,0,F1,animals_09.y4m,4032x3024,25,8,55,,35.408489,43.436056,44.708053,17.441439,11.966700,52.414760,50.786062,31.263183,38.498983,1.038080
STILL,aom,av1,0,F1,buildings_02.y4m,4032x3024,25,8,15,,42.770078,49.592441,50.272706,34.348573,23.717043,96.612422,95.626203,45.626657,45.126122,9.861305
STILL,aom,av1,0,F1,buildings_02.y4m,4032x3024,25,8,23,,40.759056,48.241382,48.919077,32.425844,22.566957,95.842427,94.642689,44.138673,43.556668,11.314599
STILL,aom,av1,0,F1,buildings_02.y4m,4032x3024,25,8,31,,38.308556,46.408102,47.190123,30.906385,21.485623,94.036262,92.475936,42.080588,41.714406,11.122737
STILL,aom,av1,0,F1,buildings_02.y4m,4032x3024,25,8,39,,35.601331,44.435549,45.361372,28.832260,20.168356,90.278314,88.241858,39.266777,39.756204,11.182947
STILL,aom,av1,0,F1,buildings_02.y4m,4032x3024,25,8,47,,32.711226,42.248375,43.168590,26.185321,18.451244,83.627177,80.981225,35.627415,37.622201,10.998517
STILL,aom,av1,0,F1,buildings_02.y4m,4032x3024,25,8,55,,29.719497,39.824704,41.039366,23.255508,16.175932,72.804741,69.702627,31.338496,35.236503,10.434470
STILL,aom,av1,0,F1,buildings_03.y4m,4032x3024,25,8,15,,41.496375,46.859232,46.522397,42.932620,30.401830,96.152552,95.043072,49.380571,41.920247,0.002626
STILL,aom,av1,0,F1,buildings_03.y4m,4032x3024,25,8,23,,38.336955,45.337158,44.929069,39.634570,27.202666,95.085111,93.777192,46.165082,39.596593,0.003690
STILL,aom,av1,0,F1,buildings_03.y4m,4032x3024,25,8,31,,34.571862,43.423259,42.828348,35.441125,23.544157,92.852476,91.079887,41.653025,36.695884,0.007476
STILL,aom,av1,0,F1,buildings_03.y4m,4032x3024,25,8,39,,30.960189,41.394483,40.702729,30.896827,19.903011,87.184882,85.266460,36.371234,33.716982,0.013909
STILL,aom,av1,0,F1,buildings_03.y4m,4032x3024,25,8,47,,27.806096,39.122950,38.254124,26.539669,16.528544,76.684324,74.698473,30.980902,30.849698,0.029702
STILL,aom,av1,0,F1,buildings_03.y4m,4032x3024,25,8,55,,24.948746,37.228449,35.989730,22.045244,13.309669,60.154495,58.247452,25.922873,28.029212,0.056528
STILL,aom,av1,0,F1,church.y4m,6000x4000,25,8,15,,47.166405,49.118245,49.346096,37.254453,24.086600,93.962361,92.636870,44.975487,47.919127,1.913617
STILL,aom,av1,0,F1,church.y4m,6000x4000,25,8,23,,45.753687,47.860564,48.257527,34.620413,22.561418,92.013462,90.354178,43.350218,46.642898,2.159022
STILL,aom,av1,0,F1,church.y4m,6000x4000,25,8,31,,43.854760,46.224729,46.834242,31.127856,20.524060,87.765468,85.889105,40.984156,44.999534,2.281682
STILL,aom,av1,0,F1,church.y4m,6000x4000,25,8,39,,41.620354,44.277215,45.153808,27.227847,18.171557,79.946532,77.862318,38.198478,43.121693,2.668168
STILL,aom,av1,0,F1,church.y4m,6000x4000,25,8,47,,39.310737,42.344086,43.490756,23.395962,15.808310,67.778158,65.624044,35.415012,41.204749,2.959540
STILL,aom,av1,0,F1,church.y4m,6000x4000,25,8,55,,36.950466,40.124418,41.647251,19.726853,13.473797,51.696366,49.634971,32.682480,39.115647,3.547075
STILL,aom,av1,0,F1,fireworks_01.y4m,4032x3024,25,8,15,,41.455267,51.107337,50.456494,34.811317,22.418869,94.574668,93.460211,46.351077,45.960638,0.000238
STILL,aom,av1,0,F1,fireworks_01.y4m,4032x3024,25,8,23,,38.152200,49.188944,48.933349,31.298995,18.759667,92.640504,91.350299,42.303450,43.130422,0.000748
STILL,aom,av1,0,F1,fireworks_01.y4m,4032x3024,25,8,31,,34.907697,47.652512,47.716928,26.973607,14.446344,88.447248,86.950505,37.373451,40.535248,0.017590
STILL,aom,av1,0,F1,fireworks_01.y4m,4032x3024,25,8,39,,32.631306,46.418278,46.427401,22.318307,10.679463,80.870294,79.385318,32.892704,38.513872,0.559748
STILL,aom,av1,0,F1,fireworks_01.y4m,4032x3024,25,8,47,,31.597205,44.925018,44.728853,17.722205,8.805918,68.742098,67.490050,30.554557,37.490859,7.086443
STILL,aom,av1,0,F1,fireworks_01.y4m,4032x3024,25,8,55,,30.990852,42.593638,42.391459,15.496513,8.264846,57.239558,56.274557,29.398880,36.552901,15.051917
STILL,aom,av1,0,F1,flowerfield.y4m,3696x2448,25,8,15,,46.578708,46.264536,46.928173,40.645516,26.598493,95.282076,94.075246,46.535884,47.963438,0.006562
STILL,aom,av1,0,F1,flowerfield.y4m,3696x2448,25,8,23,,44.613108,44.166136,44.945719,37.546035,24.621209,93.765639,92.289581,43.775021,46.040830,0.006717
STILL,aom,av1,0,F1,flowerfield.y4m,3696x2448,25,8,31,,42.109341,41.653087,42.579758,33.473486,22.104239,90.287024,88.520510,40.170630,43.669377,0.008766
STILL,aom,av1,0,F1,flowerfield.y4m,3696x2448,25,8,39,,39.457550,39.073155,40.109616,29.228005,19.466285,83.529281,81.558095,36.455897,41.149326,0.008365
STILL,aom,av1,0,F1,flowerfield.y4m,3696x2448,25,8,47,,36.768897,36.664180,37.725942,25.124491,16.870633,72.141313,70.191383,32.978037,38.636935,0.010990
STILL,aom,av1,0,F1,flowerfield.y4m,3696x2448,25,8,55,,33.957036,34.313442,35.343902,21.085274,14.261439,56.010933,54.162272,29.605838,36.013816,0.023087
STILL,aom,av1,0,F1,flowers_08.y4m,4032x3024,25,8,15,,41.606423,44.777478,46.858700,43.337403,26.030941,96.191708,95.170036,47.600775,42.854403,0.019917
STILL,aom,av1,0,F1,flowers_08.y4m,4032x3024,25,8,23,,38.797585,42.721156,44.933380,40.007051,23.357557,95.155543,93.931699,44.205068,40.495709,0.032341
STILL,aom,av1,0,F1,flowers_08.y4m,4032x3024,25,8,31,,35.655483,40.471226,42.680526,36.003347,20.619246,93.014152,91.300016,40.015978,37.844853,0.045468
STILL,aom,av1,0,F1,flowers_08.y4m,4032x3024,25,8,39,,32.539354,38.216028,40.342446,31.698006,17.808836,87.721728,85.694453,35.475093,35.200703,0.070884
STILL,aom,av1,0,F1,flowers_08.y4m,4032x3024,25,8,47,,29.648139,36.049651,38.271689,27.537364,15.061905,77.855047,75.701643,31.049162,32.727255,0.091627
STILL,aom,av1,0,F1,flowers_08.y4m,4032x3024,25,8,55,,26.913357,33.855478,36.098586,23.263458,12.276529,62.385707,60.348866,26.638195,30.294027,0.133323
STILL,aom,av1,0,F1,flowers_12.y4m,4032x3024,25,8,15,,41.738469,48.226771,49.748751,44.560818,26.542566,96.261527,95.403430,47.715657,43.361097,0.000403
STILL,aom,av1,0,F1,flowers_12.y4m,4032x3024,25,8,23,,39.149749,46.652795,48.187845,41.250393,23.872008,95.486642,94.327500,44.216548,41.154219,0.000543
STILL,aom,av1,0,F1,flowers_12.y4m,4032x3024,25,8,31,,36.325466,44.787765,46.388144,36.973478,20.983550,93.356545,91.857469,39.807614,38.730118,0.004571
STILL,aom,av1,0,F1,flowers_12.y4m,4032x3024,25,8,39,,33.726220,42.536263,44.282606,32.609793,18.287188,88.636097,86.752403,35.243731,36.341212,0.026051
STILL,aom,av1,0,F1,flowers_12.y4m,4032x3024,25,8,47,,31.366763,40.102512,41.796840,28.257908,15.728409,79.891074,77.809119,31.037547,34.022417,0.045587
STILL,aom,av1,0,F1,flowers_12.y4m,4032x3024,25,8,55,,28.887436,37.701234,39.227691,23.992418,13.055133,66.390476,64.305663,27.033153,31.637757,0.060311
STILL,aom,av1,0,F1,food_02.y4m,4032x3024,25,8,15,,42.139020,49.806686,51.276375,37.772518,22.344145,96.099033,94.955931,45.344689,44.939891,0.006681
STILL,aom,av1,0,F1,food_02.y4m,4032x3024,25,8,23,,39.947932,48.302700,49.928644,34.260002,19.596164,95.005863,93.608512,41.919120,42.946296,0.015880
STILL,aom,av1,0,F1,food_02.y4m,4032x3024,25,8,31,,37.581427,46.368396,48.075690,30.620659,16.904652,92.233106,90.514622,38.138437,40.756766,0.112568
STILL,aom,av1,0,F1,food_02.y4m,4032x3024,25,8,39,,35.498025,44.290194,46.135416,26.953409,14.812134,86.267501,84.243794,34.831314,38.841416,0.211336
STILL,aom,av1,0,F1,food_02.y4m,4032x3024,25,8,47,,33.586960,42.002938,43.859041,23.195449,12.992373,76.472731,74.240660,31.913736,37.043488,0.372490
STILL,aom,av1,0,F1,food_02.y4m,4032x3024,25,8,55,,31.517401,39.523605,41.509274,19.263931,11.033166,62.337165,60.197083,28.953013,35.139593,0.836070
STILL,aom,av1,0,F1,fountain.y4m,6406x4270,25,8,15,,42.018249,48.385749,48.949845,41.860997,22.761853,94.808627,93.491094,45.656275,45.145770,0.000771
STILL,aom,av1,0,F1,fountain.y4m,6406x4270,25,8,23,,39.352186,46.811449,47.440143,38.596065,19.710602,93.092521,91.594325,42.356830,42.700648,0.001849
STILL,aom,av1,0,F1,fountain.y4m,6406x4270,25,8,31,,36.769632,44.919008,45.553713,34.667927,16.898281,89.400992,87.608632,38.723756,40.271481,0.002825
STILL,aom,av1,0,F1,fountain.y4m,6406x4270,25,8,39,,34.990605,42.861708,43.378467,30.564287,14.914014,82.901875,80.753451,35.508292,38.484625,0.537164
STILL,aom,av1,0,F1,fountain.y4m,6406x4270,25,8,47,,33.605539,40.619051,41.139965,26.822430,13.523510,72.199861,69.893564,32.657988,37.004827,0.611741
STILL,aom,av1,0,F1,fountain.y4m,6406x4270,25,8,55,,31.880333,38.186460,38.769191,23.043513,11.828592,56.247342,54.074744,29.593476,35.259047,0.629773
STILL,aom,av1,0,F1,lady.y4m,4480x6720,25,8,15,,42.092023,53.229821,52.894961,37.343400,19.907720,94.681016,93.517332,43.399962,44.106189,1.590803
STILL,aom,av1,0,F1,lady.y4m,4480x6720,25,8,23,,40.749424,52.072846,51.658839,34.431799,18.303307,93.272669,91.794907,41.595118,42.789634,5.716146
STILL,aom,av1,0,F1,lady.y4m,4480x6720,25,8,31,,39.879557,50.617739,50.178850,31.464806,17.255890,89.356954,87.735497,39.901762,41.913648,5.730648
STILL,aom,av1,0,F1,lady.y4m,4480x6720,25,8,39,,38.824705,48.918331,48.518703,28.086288,15.984573,82.102526,80.302706,37.824420,40.959199,5.883255
STILL,aom,av1,0,F1,lady.y4m,4480x6720,25,8,47,,37.632479,47.074016,46.645859,24.436470,14.643824,70.379228,68.684756,35.746049,39.896645,5.385725
STILL,aom,av1,0,F1,lady.y4m,4480x6720,25,8,55,,36.248527,45.094951,44.610229,20.773064,13.142721,54.738735,53.391606,33.571675,38.591993,5.631889
STILL,aom,av1,0,F1,landscape_05.y4m,4032x3024,25,8,15,,41.832899,46.766069,47.855056,41.028319,24.710074,95.810329,94.815839,46.913264,43.586368,0.000414
STILL,aom,av1,0,F1,landscape_05.y4m,4032x3024,25,8,23,,39.074745,44.884971,45.998871,37.874451,21.725659,94.741540,93.454761,43.371952,41.145306,0.010132
STILL,aom,av1,0,F1,landscape_05.y4m,4032x3024,25,8,31,,36.151895,42.700789,43.819453,34.134801,18.842904,91.929360,90.373817,39.189600,38.551874,0.035316
STILL,aom,av1,0,F1,landscape_05.y4m,4032x3024,25,8,39,,33.567362,40.500712,41.658144,29.930465,16.396899,85.777109,84.035338,35.026898,36.262318,0.064362
STILL,aom,av1,0,F1,landscape_05.y4m,4032x3024,25,8,47,,31.111601,38.363662,39.314864,25.821268,14.106837,75.256115,73.393092,31.072445,34.073145,0.110133
STILL,aom,av1,0,F1,landscape_05.y4m,4032x3024,25,8,55,,28.539272,36.143544,37.054812,21.560480,11.675517,59.529684,57.767893,27.108702,31.778524,0.232293
STILL,aom,av1,0,F1,landscape_15.y4m,4032x3024,25,8,15,,43.176464,50.000797,50.825710,37.103050,24.242305,95.946903,94.813621,45.996711,45.216534,3.228220
STILL,aom,av1,0,F1,landscape_15.y4m,4032x3024,25,8,23,,40.625752,48.423152,49.369583,34.888816,22.001558,94.786316,93.417340,43.455133,43.151755,3.443696
STILL,aom,av1,0,F1,landscape_15.y4m,4032x3024,25,8,31,,37.713108,46.620275,47.770498,31.798667,19.443000,92.190943,90.390584,40.048959,40.839010,3.432821
STILL,aom,av1,0,F1,landscape_15.y4m,4032x3024,25,8,39,,34.982902,44.432640,45.921266,28.068498,16.980526,86.200845,84.232804,36.235408,38.541685,3.437888
STILL,aom,av1,0,F1,landscape_15.y4m,4032x3024,25,8,47,,32.507626,42.213435,43.813898,24.707158,14.722755,76.364673,74.244201,32.479546,36.387788,3.476417
STILL,aom,av1,0,F1,landscape_15.y4m,4032x3024,25,8,55,,30.023829,39.743716,41.210462,21.152696,12.433839,61.795345,59.714160,28.689475,34.189058,3.666722
STILL,aom,av1,0,F1,landscape_16.y4m,4032x3024,25,8,15,,45.306773,54.097811,54.791701,35.178315,23.520834,95.647545,94.346193,45.431594,47.621335,0.000038
STILL,aom,av1,0,F1,landscape_16.y4m,4032x3024,25,8,23,,43.091644,52.930172,53.474376,31.996189,21.084484,94.315821,92.767482,42.620697,45.660702,0.000055
STILL,aom,av1,0,F1,landscape_16.y4m,4032x3024,25,8,31,,40.343145,51.273680,51.667664,28.206563,18.226243,91.222606,89.295142,39.109749,43.241925,0.000807
STILL,aom,av1,0,F1,landscape_16.y4m,4032x3024,25,8,39,,37.581960,49.430227,49.846517,24.711828,15.707127,84.419294,82.338852,35.674103,40.858033,0.029576
STILL,aom,av1,0,F1,landscape_16.y4m,4032x3024,25,8,47,,34.990689,47.258449,47.939428,21.745258,13.560394,73.027843,70.964470,32.449563,38.419543,0.137579
STILL,aom,av1,0,F1,landscape_16.y4m,4032x3024,25,8,55,,32.388360,44.640775,45.596760,18.396680,11.330949,56.653169,55.027222,29.193378,35.511104,0.433226
STILL,aom,av1,0,F1,landscape_18.y4m,4032x3024,25,8,15,,43.351925,51.131108,52.790987,34.630927,24.611820,95.675493,94.506322,46.383452,45.970347,1.272280
STILL,aom,av1,0,F1,landscape_18.y4m,4032x3024,25,8,23,,40.525663,49.463480,51.007801,32.649632,22.063727,94.346552,92.952427,44.063745,43.691773,1.287676
STILL,aom,av1,0,F1,landscape_18.y4m,4032x3024,25,8,31,,37.645584,47.975497,49.696426,30.059481,19.072882,91.329392,89.628528,40.563704,41.543076,1.316341
STILL,aom,av1,0,F1,landscape_18.y4m,4032x3024,25,8,39,,35.417227,46.368121,48.072807,26.740758,16.558166,84.863415,82.856338,36.804071,39.675656,1.367053
STILL,aom,av1,0,F1,landscape_18.y4m,4032x3024,25,8,47,,33.438258,44.694493,46.167058,23.245331,14.398462,73.614480,71.503015,33.407225,37.976648,1.518208
STILL,aom,av1,0,F1,landscape_18.y4m,4032x3024,25,8,55,,31.391436,42.531202,43.750507,19.438184,12.269513,57.812044,55.852282,30.146404,36.032021,1.614929
STILL,aom,av1,0,F1,landscape_25.y4m,4032x3024,25,8,15,,41.561139,45.089494,48.083917,35.609248,23.884769,94.613492,93.318949,47.037049,41.822031,0.007160
STILL,aom,av1,0,F1,landscape_25.y4m,4032x3024,25,8,23,,38.310763,43.906265,46.788606,32.305348,20.474386,92.983367,91.340050,43.346363,39.698360,0.010065
STILL,aom,av1,0,F1,landscape_25.y4m,4032x3024,25,8,31,,34.652422,42.659234,45.359260,28.143983,16.222862,88.675399,86.681124,38.261000,37.230799,0.053194
STILL,aom,av1,0,F1,landscape_25.y4m,4032x3024,25,8,39,,31.604887,41.851387,44.585645,23.630839,12.006024,79.704129,77.601547,33.054670,35.082260,0.657248
STILL,aom,av1,0,F1,landscape_25.y4m,4032x3024,25,8,47,,29.459073,41.117646,43.718228,19.424990,8.732969,66.210097,64.445179,29.020505,33.447893,3.030576
STILL,aom,av1,0,F1,landscape_25.y4m,4032x3024,25,8,55,,28.216474,40.279096,42.753663,15.976512,6.937671,50.621812,49.311074,26.671443,32.362352,6.456614
STILL,aom,av1,0,F1,landscape_26.y4m,4032x3024,25,8,15,,42.555764,50.374977,50.831642,36.551119,23.570588,95.496480,94.135204,45.869041,44.914700,0.682233
STILL,aom,av1,0,F1,landscape_26.y4m,4032x3024,25,8,23,,39.976482,49.056318,49.625403,33.924026,21.190392,93.926246,92.371656,43.291992,42.840865,0.727173
STILL,aom,av1,0,F1,landscape_26.y4m,4032x3024,25,8,31,,37.334234,47.332313,47.987647,30.642814,18.576278,90.554076,88.620741,39.832649,40.662193,0.740763
STILL,aom,av1,0,F1,landscape_26.y4m,4032x3024,25,8,39,,35.087285,45.534231,46.253370,26.945458,16.294557,83.580859,81.383264,36.290957,38.780115,0.762537
STILL,aom,av1,0,F1,landscape_26.y4m,4032x3024,25,8,47,,32.968055,43.915235,44.712333,23.334334,14.078983,72.135036,69.768695,32.849107,37.002360,0.780790
STILL,aom,av1,0,F1,landscape_26.y4m,4032x3024,25,8,55,,30.713734,42.354507,43.437826,19.562215,11.715480,55.538985,53.218271,29.364319,35.177437,0.862676
STILL,aom,av1,0,F1,landscape_28.y4m,4032x3024,25,8,15,,42.517932,47.404317,49.154069,33.180617,22.657425,96.201571,95.222449,45.421036,45.449496,2.054377
STILL,aom,av1,0,F1,landscape_28.y4m,4032x3024,25,8,23,,40.122519,45.838583,47.514029,31.127185,20.094878,95.274113,94.058347,42.420861,43.578655,3.391052
STILL,aom,av1,0,F1,landscape_28.y4m,4032x3024,25,8,31,,37.413131,44.014835,45.573680,28.736196,17.751042,93.051755,91.427359,39.204511,41.423329,8.359095
STILL,aom,av1,0,F1,landscape_28.y4m,4032x3024,25,8,39,,34.814328,42.212667,43.756087,26.646458,16.207952,87.909267,86.029691,36.171669,39.322225,10.080308
STILL,aom,av1,0,F1,landscape_28.y4m,4032x3024,25,8,47,,32.412285,40.117461,41.696604,24.473148,14.748936,78.697990,76.709221,32.793773,37.207054,10.211539
STILL,aom,av1,0,F1,landscape_28.y4m,4032x3024,25,8,55,,30.057190,37.837539,39.297229,21.450503,13.017274,64.648843,62.802901,29.122825,34.917415,10.139501
STILL,aom,av1,0,F1,lodge.y4m,6000x4000,25,8,15,,42.438345,46.325024,47.711543,38.519920,23.180429,94.452117,93.091310,45.743551,43.690720,0.039155
STILL,aom,av1,0,F1,lodge.y4m,6000x4000,25,8,23,,40.024682,44.239161,46.043029,35.597960,20.567991,92.501169,90.971711,42.861892,41.510196,0.322497
STILL,aom,av1,0,F1,lodge.y4m,6000x4000,25,8,31,,37.471617,41.927779,44.129134,32.042757,18.207695,88.171767,86.411806,39.354141,39.272820,0.678641
STILL,aom,av1,0,F1,lodge.y4m,6000x4000,25,8,39,,34.821501,39.781948,42.270945,28.116885,15.824269,79.764753,77.824598,35.383451,37.043995,0.918327
STILL,aom,av1,0,F1,lodge.y4m,6000x4000,25,8,47,,32.211193,37.911811,40.591944,24.240303,13.366944,65.741495,63.853817,31.385906,34.891923,1.176056
STILL,aom,av1,0,F1,lodge.y4m,6000x4000,25,8,55,,29.640339,36.227233,38.929285,20.210236,10.825840,45.389249,43.853495,27.522738,32.736657,1.379033
STILL,aom,av1,0,F1,party.y4m,6720x4480,25,8,15,,42.243650,54.530752,54.891236,36.249460,19.585796,96.283578,95.296920,43.009961,44.345150,2.702673
STILL,aom,av1,0,F1,party.y4m,6720x4480,25,8,23,,41.310688,53.465055,53.885638,33.249541,18.260635,95.496761,94.262813,41.467147,43.403777,7.030875
STILL,aom,av1,0,F1,party.y4m,6720x4480,25,8,31,,40.634520,51.964160,52.398746,30.002127,17.269081,93.482722,92.019796,40.146556,42.704457,9.036953
STILL,aom,av1,0,F1,party.y4m,6720x4480,25,8,39,,40.016823,50.031903,50.636567,26.652322,16.651142,89.777129,87.975303,39.112908,42.059179,9.741673
STILL,aom,av1,0,F1,party.y4m,6720x4480,25,8,47,,39.185159,47.913342,48.478569,23.743004,16.034584,83.564391,81.458705,37.780103,41.216297,9.983579
STILL,aom,av1,0,F1,party.y4m,6720x4480,25,8,55,,38.034480,45.236989,45.547164,21.406372,15.307211,73.719326,71.450349,35.919385,39.740219,10.443306
STILL,aom,av1,0,F1,river.y4m,5184x3456,25,8,15,,43.744635,49.576296,50.548710,38.247003,21.629693,93.296399,91.624758,43.995922,44.046865,0.346796
STILL,aom,av1,0,F1,river.y4m,5184x3456,25,8,23,,42.998194,48.029263,49.194144,35.111454,20.538356,91.076011,89.302676,42.371388,43.143098,0.475448
STILL,aom,av1,0,F1,river.y4m,5184x3456,25,8,31,,41.879299,46.064115,47.577023,31.294459,19.122060,86.279850,84.506931,40.174817,41.973325,0.593374
STILL,aom,av1,0,F1,river.y4m,5184x3456,25,8,39,,40.357761,44.013221,46.079309,27.343540,17.462857,78.002817,76.142824,37.621117,40.615951,0.745370
STILL,aom,av1,0,F1,river.y4m,5184x3456,25,8,47,,38.491957,42.150916,44.698295,23.678038,15.634235,65.933903,64.057084,34.955006,39.014028,0.821158
STILL,aom,av1,0,F1,river.y4m,5184x3456,25,8,55,,36.273587,40.322364,43.414562,20.162060,13.580722,49.738035,47.916210,32.208408,37.160802,1.064470
STILL,aom,av1,0,F1,santa.y4m,5616x3744,25,8,15,,44.029045,51.327148,50.685532,37.437075,21.718092,94.087989,92.808745,44.153128,46.548731,3.076078
STILL,aom,av1,0,F1,santa.y4m,5616x3744,25,8,23,,43.334410,50.115567,49.393556,35.242758,20.876112,92.187234,90.626834,42.939225,45.716919,3.132994
STILL,aom,av1,0,F1,santa.y4m,5616x3744,25,8,31,,42.361356,48.548792,47.649832,32.184678,19.716774,88.090415,86.376516,41.157042,44.623679,3.239655
STILL,aom,av1,0,F1,santa.y4m,5616x3744,25,8,39,,41.020126,46.626794,45.623027,28.629543,18.203781,80.954746,79.004581,38.877980,43.223347,3.105608
STILL,aom,av1,0,F1,santa.y4m,5616x3744,25,8,47,,39.381444,44.573766,43.401228,24.941233,16.484285,69.527034,67.411292,36.418009,41.543060,3.154080
STILL,aom,av1,0,F1,santa.y4m,5616x3744,25,8,55,,37.468288,42.373463,41.035412,21.259654,14.612564,53.296091,51.211211,33.855332,39.558830,3.405402
STILL,aom,av1,0,F1,seafood.y4m,5184x3456,25,8,15,,41.852610,48.719235,49.018987,39.927409,21.948380,94.714308,93.466687,44.823217,43.290317,0.319077
STILL,aom,av1,0,F1,seafood.y4m,5184x3456,25,8,23,,39.767929,46.966620,47.343605,36.505728,19.474107,93.069496,91.563479,41.880106,41.413731,1.125467
STILL,aom,av1,0,F1,seafood.y4m,5184x3456,25,8,31,,38.121172,44.941460,45.370255,33.064274,17.996313,89.428109,87.611541,39.195750,39.813532,1.337688
STILL,aom,av1,0,F1,seafood.y4m,5184x3456,25,8,39,,36.293367,42.817515,43.276225,29.393877,16.337727,82.495227,80.368894,35.976933,38.114151,1.345414
STILL,aom,av1,0,F1,seafood.y4m,5184x3456,25,8,47,,34.290610,40.906015,41.267601,25.709962,14.428095,70.970857,68.817795,32.615950,36.378530,1.448600
STILL,aom,av1,0,F1,seafood.y4m,5184x3456,25,8,55,,32.092276,38.921791,39.165729,21.908982,12.250664,54.077241,52.053406,29.258776,34.423045,1.642179
STILL,aom,av1,0,F1,snow_00.y4m,4032x3024,25,8,15,,41.357846,50.185193,50.800258,35.996133,21.230849,95.750941,94.632917,44.790338,44.507156,0.000012
STILL,aom,av1,0,F1,snow_00.y4m,4032x3024,25,8,23,,38.556504,48.900824,49.299448,32.645346,17.900803,94.647815,93.316432,41.247107,42.181592,0.000252
STILL,aom,av1,0,F1,snow_00.y4m,4032x3024,25,8,31,,35.997479,47.432798,47.715578,29.298570,14.960772,91.997506,90.377592,37.823889,40.013735,0.008898
STILL,aom,av1,0,F1,snow_00.y4m,4032x3024,25,8,39,,34.555635,45.942298,46.287002,26.086542,13.739617,85.978335,84.149841,35.489066,38.737187,0.041882
STILL,aom,av1,0,F1,snow_00.y4m,4032x3024,25,8,47,,33.220373,44.057531,44.652293,22.855552,12.739711,76.050663,74.081715,33.081889,37.471953,0.053781
STILL,aom,av1,0,F1,snow_00.y4m,4032x3024,25,8,55,,31.595850,41.711625,42.743361,19.585823,11.561320,61.954379,60.183837,30.266933,35.942342,0.066255
STILL,aom,av1,0,F1,trees.y4m,4928x3264,25,8,15,,43.656955,48.393855,48.431800,39.876791,25.039819,95.583693,94.185825,46.458391,43.343548,0.002742
STILL,aom,av1,0,F1,trees.y4m,4928x3264,25,8,23,,41.593735,46.532859,46.683636,36.640960,22.551578,94.189323,92.472003,43.326950,41.539255,0.004328
STILL,aom,av1,0,F1,trees.y4m,4928x3264,25,8,31,,38.998543,44.181976,44.621919,32.613571,19.461794,90.812517,88.735788,39.274832,39.265856,0.012471
STILL,aom,av1,0,F1,trees.y4m,4928x3264,25,8,39,,36.236478,41.888981,42.770183,28.151587,16.327307,83.866943,81.560505,35.130312,36.947779,0.036449
STILL,aom,av1,0,F1,trees.y4m,4928x3264,25,8,47,,33.443185,39.724445,41.139136,23.855688,13.406501,71.756620,69.550372,31.254446,34.639775,0.116506
STILL,aom,av1,0,F1,trees.y4m,4928x3264,25,8,55,,30.664386,37.520848,39.224884,19.346029,10.677142,54.714072,52.898862,27.613994,32.322902,0.338864
STILL,aom,av1,0,F1,underwater_01.y4m,4032x3024,25,8,15,,41.731672,47.017303,47.795667,40.792127,23.793283,94.356098,93.165060,46.073407,43.266445,0.012887
STILL,aom,av1,0,F1,underwater_01.y4m,4032x3024,25,8,23,,39.421952,45.265226,46.147055,37.339189,21.143171,92.394414,90.927891,42.490444,41.244221,0.027047
STILL,aom,av1,0,F1,underwater_01.y4m,4032x3024,25,8,31,,37.288313,42.988068,44.024412,33.061654,18.645196,88.051050,86.191652,38.440860,39.223582,0.032726
STILL,aom,av1,0,F1,underwater_01.y4m,4032x3024,25,8,39,,35.433404,40.321123,41.579047,28.632943,16.334523,79.052890,77.163842,34.609063,37.259152,0.057826
STILL,aom,av1,0,F1,underwater_01.y4m,4032x3024,25,8,47,,33.536060,37.711447,39.219110,24.258070,13.970389,64.315783,62.677610,31.131636,35.274595,0.067157
STILL,aom,av1,0,F1,underwater_01.y4m,4032x3024,25,8,55,,31.356192,35.176859,37.048985,19.816000,11.411449,44.903868,43.627438,27.832728,33.173336,0.147312
STILL,aom,av1,0,F2,Adventure_with_the_Windmills.y4m,896x1110,24,8,15,,41.773883,48.014679,49.975549,32.132340,29.766698,95.881583,94.602553,49.448354,42.088248,0.003289
STILL,aom,av1,0,F2,Adventure_with_the_Windmills.y4m,896x1110,24,8,23,,38.534306,46.827569,48.087113,28.837011,26.452019,94.661172,93.171669,46.527431,39.686389,0.002570
STILL,aom,av1,0,F2,Adventure_with_the_Windmills.y4m,896x1110,24,8,31,,34.413227,44.971073,46.033840,24.557490,22.277187,91.696914,89.995340,42.010568,36.332789,0.003428
STILL,aom,av1,0,F2,Adventure_with_the_Windmills.y4m,896x1110,24,8,39,,30.176298,43.133355,41.921901,19.882255,17.891274,85.407121,83.509522,36.199838,32.851782,0.006222
STILL,aom,av1,0,F2,Adventure_with_the_Windmills.y4m,896x1110,24,8,47,,26.027658,41.148033,44.709944,15.602509,13.938053,72.845608,70.968267,30.788315,29.311139,0.003302
STILL,aom,av1,0,F2,Adventure_with_the_Windmills.y4m,896x1110,24,8,55,,22.183937,43.809720,38.954802,11.718663,10.238011,53.452328,51.964940,25.559192,25.930191,0.003825
STILL,aom,av1,0,F2,Agapanthus_Postbloom2.y4m,1208x948,24,8,15,,45.958964,46.913516,47.930466,29.653411,26.917926,95.533335,94.430457,46.791299,45.182077,3.654428
STILL,aom,av1,0,F2,Agapanthus_Postbloom2.y4m,1208x948,24,8,23,,44.238189,45.204538,46.976388,27.824283,25.581212,94.300853,92.964098,44.928333,43.740678,3.552376
STILL,aom,av1,0,F2,Agapanthus_Postbloom2.y4m,1208x948,24,8,31,,41.786866,43.008056,45.588430,25.158573,23.522188,91.490330,89.756635,41.947082,41.792484,3.270617
STILL,aom,av1,0,F2,Agapanthus_Postbloom2.y4m,1208x948,24,8,39,,38.966681,40.505744,43.983215,22.143648,21.016934,86.101700,83.821851,38.335661,39.490762,2.854683
STILL,aom,av1,0,F2,Agapanthus_Postbloom2.y4m,1208x948,24,8,47,,36.095934,37.838435,42.228884,19.056367,18.342307,76.288522,73.907363,34.447492,36.893112,2.684095
STILL,aom,av1,0,F2,Agapanthus_Postbloom2.y4m,1208x948,24,8,55,,33.098624,35.395768,40.647587,15.875505,15.526849,61.495767,59.117509,30.530353,34.379767,2.288071
STILL,aom,av1,0,F2,Baruch.y4m,968x1188,24,8,15,,41.763324,49.204803,50.550054,30.483681,30.582260,95.507859,93.916919,49.550009,42.250945,0.000145
STILL,aom,av1,0,F2,Baruch.y4m,968x1188,24,8,23,,38.570987,48.101791,49.066699,27.311921,27.501008,93.973805,92.183487,47.453975,39.918987,0.000105
STILL,aom,av1,0,F2,Baruch.y4m,968x1188,24,8,31,,34.489565,46.499845,45.322925,23.167982,23.290969,90.656881,88.450108,43.174311,36.650526,0.000119
STILL,aom,av1,0,F2,Baruch.y4m,968x1188,24,8,39,,30.339184,43.091979,46.442378,18.599401,18.846877,83.320717,80.787597,37.560896,32.967209,0.000017
STILL,aom,av1,0,F2,Baruch.y4m,968x1188,24,8,47,,26.263351,45.336994,44.163687,14.257524,14.586559,70.492719,67.633099,31.573107,30.038050,0.000018
STILL,aom,av1,0,F2,Baruch.y4m,968x1188,24,8,55,,22.488666,43.208019,42.618136,10.216707,10.559694,51.460620,48.945938,25.926309,26.137054,0.000002
STILL,aom,av1,0,F2,Berlin-Fernsehturm.y4m,1290x856,24,8,15,,46.080614,49.049773,48.020412,23.788780,23.924359,95.188717,93.954861,45.086009,44.140239,8.665805
STILL,aom,av1,0,F2,Berlin-Fernsehturm.y4m,1290x856,24,8,23,,44.335917,48.072501,46.687404,22.074486,22.345299,93.599253,92.170603,43.453984,43.173017,9.021755
STILL,aom,av1,0,F2,Berlin-Fernsehturm.y4m,1290x856,24,8,31,,42.021981,46.548155,45.085071,19.965172,20.336753,90.437140,88.526927,41.153651,41.840444,9.630056
STILL,aom,av1,0,F2,Berlin-Fernsehturm.y4m,1290x856,24,8,39,,39.512606,44.794523,43.393299,17.662256,18.093643,83.805323,81.723780,38.345810,40.335361,9.167885
STILL,aom,av1,0,F2,Berlin-Fernsehturm.y4m,1290x856,24,8,47,,37.092553,42.984807,41.606331,15.489635,16.001785,73.296497,71.284848,35.463389,38.793174,8.797917
STILL,aom,av1,0,F2,Berlin-Fernsehturm.y4m,1290x856,24,8,55,,34.666652,41.156217,40.277157,13.230442,13.845102,57.705687,55.952924,32.434941,37.040423,7.618861
STILL,aom,av1,0,F2,Big_Easy_chair.y4m,1196x1008,24,8,15,,45.701716,46.080429,47.274798,24.951745,22.785965,95.607662,94.398958,44.102895,44.572452,3.123756
STILL,aom,av1,0,F2,Big_Easy_chair.y4m,1196x1008,24,8,23,,44.914244,45.633472,46.778085,23.084134,21.625597,94.593166,92.999409,42.834473,43.992103,4.979880
STILL,aom,av1,0,F2,Big_Easy_chair.y4m,1196x1008,24,8,31,,43.822980,44.955684,46.129241,21.287768,20.420189,91.905129,89.893341,41.386024,43.246603,5.701788
STILL,aom,av1,0,F2,Big_Easy_chair.y4m,1196x1008,24,8,39,,42.442322,44.000228,45.180989,19.582436,19.156823,87.150105,84.623264,39.605927,42.256400,5.563288
STILL,aom,av1,0,F2,Big_Easy_chair.y4m,1196x1008,24,8,47,,40.706304,42.833638,43.996333,17.777232,17.740199,80.329623,77.227680,37.509600,41.087284,5.443148
STILL,aom,av1,0,F2,Big_Easy_chair.y4m,1196x1008,24,8,55,,38.469884,41.323830,42.589673,15.754727,15.987398,69.278828,65.605388,34.881283,39.504511,5.037922
STILL,aom,av1,0,F2,Butterfly.y4m,1420x918,24,8,15,,43.556495,45.779828,47.514455,25.696679,22.339154,95.680450,94.513647,44.580255,42.487451,11.673285
STILL,aom,av1,0,F2,Butterfly.y4m,1420x918,24,8,23,,42.284797,44.771622,46.389507,23.763891,20.812274,94.523707,93.017072,42.783624,41.676170,11.796382
STILL,aom,av1,0,F2,Butterfly.y4m,1420x918,24,8,31,,41.092887,43.456313,44.810583,22.078077,19.736074,91.593739,89.846301,41.055896,40.835464,11.944550
STILL,aom,av1,0,F2,Butterfly.y4m,1420x918,24,8,39,,39.704984,41.890221,43.077197,20.477002,18.732548,86.320053,84.403815,39.012514,39.855482,11.514939
STILL,aom,av1,0,F2,Butterfly.y4m,1420x918,24,8,47,,38.037397,40.120378,41.277858,18.701793,17.511566,78.257103,75.862391,36.377135,38.636734,10.502435
STILL,aom,av1,0,F2,Butterfly.y4m,1420x918,24,8,55,,36.008862,38.454002,39.352414,16.746310,16.035559,66.099779,63.414191,33.347887,37.375009,9.390486
STILL,aom,av1,0,F2,Cecret_Lake_Panorama.y4m,1586x752,24,8,15,,42.701457,43.917157,44.065844,27.442243,26.786785,95.428499,94.121714,47.604177,41.176881,0.048636
STILL,aom,av1,0,F2,Cecret_Lake_Panorama.y4m,1586x752,24,8,23,,39.571132,41.911852,42.401559,24.847917,24.317272,93.873706,92.415195,44.747202,38.900437,0.066834
STILL,aom,av1,0,F2,Cecret_Lake_Panorama.y4m,1586x752,24,8,31,,35.562048,39.831901,40.688489,21.410776,21.014188,90.244823,88.626678,40.540953,36.077528,0.078986
STILL,aom,av1,0,F2,Cecret_Lake_Panorama.y4m,1586x752,24,8,39,,31.311911,37.978686,39.244168,17.786692,17.431104,82.970100,81.129949,35.705727,32.984519,0.105010
STILL,aom,av1,0,F2,Cecret_Lake_Panorama.y4m,1586x752,24,8,47,,27.669115,36.207345,37.593917,14.155671,13.803138,69.901840,67.973846,30.676032,30.078840,0.101354
STILL,aom,av1,0,F2,Cecret_Lake_Panorama.y4m,1586x752,24,8,55,,25.111411,34.866372,35.863594,10.490591,10.391409,49.266600,47.721196,25.942644,27.881395,0.159375
STILL,aom,av1,0,F2,Claudette.y4m,900x1100,24,8,15,,42.144465,47.182459,47.258182,29.621502,25.778470,94.876317,93.566015,47.377549,41.155110,0.106450
STILL,aom,av1,0,F2,Claudette.y4m,900x1100,24,8,23,,39.070987,45.638370,46.010058,26.386279,22.770279,92.963281,91.481223,44.122890,38.905805,0.124212
STILL,aom,av1,0,F2,Claudette.y4m,900x1100,24,8,31,,35.376737,43.903201,43.839835,22.336667,19.156999,88.825887,87.114360,39.532947,36.083541,0.181050
STILL,aom,av1,0,F2,Claudette.y4m,900x1100,24,8,39,,31.571492,42.060723,42.435466,18.282329,15.672746,80.104792,78.250503,34.749631,33.215030,0.167475
STILL,aom,av1,0,F2,Claudette.y4m,900x1100,24,8,47,,28.163883,39.575071,40.822903,14.499103,12.336966,64.412069,62.684530,30.108414,30.378906,0.303942
STILL,aom,av1,0,F2,Claudette.y4m,900x1100,24,8,55,,25.791589,39.520691,40.367749,10.927681,9.298634,41.816015,40.289811,25.923902,28.574445,0.398487
STILL,aom,av1,0,F2,Collage_Oppeln.y4m,904x1280,24,8,15,,43.339827,45.349775,46.042411,30.024197,26.514781,95.825661,94.700341,47.045449,42.138586,0.117303
STILL,aom,av1,0,F2,Collage_Oppeln.y4m,904x1280,24,8,23,,40.655183,43.526660,44.402618,27.486712,24.189376,94.541539,93.244102,44.398637,40.222435,0.153754
STILL,aom,av1,0,F2,Collage_Oppeln.y4m,904x1280,24,8,31,,37.339693,41.480848,42.370476,24.227814,21.257974,92.120777,90.431494,40.544676,37.857664,0.156466
STILL,aom,av1,0,F2,Collage_Oppeln.y4m,904x1280,24,8,39,,34.043110,39.495720,40.289142,20.771889,18.278032,86.395188,84.466861,36.265329,35.407686,0.170095
STILL,aom,av1,0,F2,Collage_Oppeln.y4m,904x1280,24,8,47,,31.093689,37.490871,38.328763,17.538524,15.447833,76.711528,74.636939,32.040713,33.080911,0.167366
STILL,aom,av1,0,F2,Collage_Oppeln.y4m,904x1280,24,8,55,,28.344749,35.556120,36.425123,13.974017,12.513421,61.272697,59.206582,27.839040,30.835919,0.211401
STILL,aom,av1,0,F2,Corona_Arch.y4m,1272x922,24,8,15,,42.510087,45.847882,44.762504,26.118089,23.192330,95.171486,93.804390,45.366550,44.583992,3.742720
STILL,aom,av1,0,F2,Corona_Arch.y4m,1272x922,24,8,23,,39.994184,44.703348,42.830369,24.241746,21.494141,93.404282,91.879816,43.440182,42.661234,5.692281
STILL,aom,av1,0,F2,Corona_Arch.y4m,1272x922,24,8,31,,36.928541,43.261798,40.816044,21.914369,19.106023,89.499962,87.769361,40.174138,40.379004,6.220075
STILL,aom,av1,0,F2,Corona_Arch.y4m,1272x922,24,8,39,,34.038002,41.732691,38.847523,18.878081,16.278671,81.643916,79.757399,35.898005,38.150538,5.655207
STILL,aom,av1,0,F2,Corona_Arch.y4m,1272x922,24,8,47,,31.636379,40.093475,37.020071,15.632120,13.566133,68.491788,66.467685,31.781117,36.205361,5.678686
STILL,aom,av1,0,F2,Corona_Arch.y4m,1272x922,24,8,55,,29.589399,38.106327,35.114314,12.435004,11.056204,48.318715,46.334082,28.135559,34.380704,4.943266
STILL,aom,av1,0,F2,Correfocs_Festa_Major_del_Clot.y4m,1306x870,24,8,15,,44.021116,46.760121,45.564467,24.460406,23.857351,94.417924,93.086633,45.428015,44.980903,1.759298
STILL,aom,av1,0,F2,Correfocs_Festa_Major_del_Clot.y4m,1306x870,24,8,23,,41.973495,45.428367,43.833769,22.198871,21.897748,92.247608,90.707343,43.138304,43.398871,1.994206
STILL,aom,av1,0,F2,Correfocs_Festa_Major_del_Clot.y4m,1306x870,24,8,31,,39.274687,43.812799,41.672101,19.369025,19.405506,87.539911,85.810508,39.982180,41.375447,2.081623
STILL,aom,av1,0,F2,Correfocs_Festa_Major_del_Clot.y4m,1306x870,24,8,39,,36.321445,42.104482,39.361835,16.419693,16.749845,79.433910,77.193906,36.410579,39.155154,1.937135
STILL,aom,av1,0,F2,Correfocs_Festa_Major_del_Clot.y4m,1306x870,24,8,47,,33.436148,40.348889,36.876199,13.434854,13.999531,65.663164,63.467203,32.741725,36.866934,1.692697
STILL,aom,av1,0,F2,Correfocs_Festa_Major_del_Clot.y4m,1306x870,24,8,55,,30.461609,38.498321,34.581290,10.148220,10.935442,46.465685,44.085065,28.812341,34.457964,1.954905
STILL,aom,av1,0,F2,Crepuscular_rays_at_Sunset_near_Waterberg_Plateau.y4m,1402x934,24,8,15,,43.025910,45.527553,45.345428,27.675650,24.531758,92.905379,91.329869,46.506977,42.491330,0.575742
STILL,aom,av1,0,F2,Crepuscular_rays_at_Sunset_near_Waterberg_Plateau.y4m,1402x934,24,8,23,,40.100022,44.024660,43.796876,24.692033,21.738419,89.859118,88.205141,43.396962,40.438984,0.604006
STILL,aom,av1,0,F2,Crepuscular_rays_at_Sunset_near_Waterberg_Plateau.y4m,1402x934,24,8,31,,36.527678,42.559264,42.222363,20.742428,18.012990,83.470426,81.634600,39.097264,38.006213,0.614496
STILL,aom,av1,0,F2,Crepuscular_rays_at_Sunset_near_Waterberg_Plateau.y4m,1402x934,24,8,39,,33.440485,40.925699,40.612852,16.546547,14.218951,70.921362,68.984626,34.495257,35.613417,0.713702
STILL,aom,av1,0,F2,Crepuscular_rays_at_Sunset_near_Waterberg_Plateau.y4m,1402x934,24,8,47,,31.403023,39.359290,39.159749,12.892731,11.311438,50.832712,49.218661,30.841945,33.835319,0.875364
STILL,aom,av1,0,F2,Crepuscular_rays_at_Sunset_near_Waterberg_Plateau.y4m,1402x934,24,8,55,,29.990235,37.665989,37.451437,9.840484,9.076434,25.729949,24.824364,28.114655,32.355893,0.855265
STILL,aom,av1,0,F2,Esquibien_Jean_Perrot.y4m,818x1228,24,8,15,,42.256465,46.781340,46.809991,25.624249,24.805017,95.660633,94.361255,46.664208,42.068196,0.734123
STILL,aom,av1,0,F2,Esquibien_Jean_Perrot.y4m,818x1228,24,8,23,,39.088517,45.738732,45.658650,23.005957,22.134442,94.307288,92.787730,43.922295,39.999223,0.712867
STILL,aom,av1,0,F2,Esquibien_Jean_Perrot.y4m,818x1228,24,8,31,,35.241421,44.188285,44.314594,19.294564,18.452208,91.186346,89.422480,39.656234,37.201505,0.604826
STILL,aom,av1,0,F2,Esquibien_Jean_Perrot.y4m,818x1228,24,8,39,,31.820841,42.071007,42.470910,15.266359,14.533030,84.724618,82.678269,34.770150,34.422612,0.560134
STILL,aom,av1,0,F2,Esquibien_Jean_Perrot.y4m,818x1228,24,8,47,,29.621075,40.264471,40.658023,12.217120,11.811552,73.822988,71.607470,30.721169,32.530615,0.489795
STILL,aom,av1,0,F2,Esquibien_Jean_Perrot.y4m,818x1228,24,8,55,,28.037607,39.316507,40.091866,10.084904,10.111377,57.796298,55.484193,27.716053,31.202170,0.951488
STILL,aom,av1,0,F2,Florac-Le_Vibron-Source_du_Pecher.y4m,1080x874,24,8,15,,41.844094,43.368354,42.916400,26.914818,25.692587,95.703630,94.494473,47.347234,39.811955,0.259494
STILL,aom,av1,0,F2,Florac-Le_Vibron-Source_du_Pecher.y4m,1080x874,24,8,23,,38.701532,41.775385,41.287377,23.735472,22.563742,94.384879,92.962814,44.026893,37.844703,0.325189
STILL,aom,av1,0,F2,Florac-Le_Vibron-Source_du_Pecher.y4m,1080x874,24,8,31,,35.054815,40.084981,39.876257,19.811387,18.934083,91.173652,89.454605,39.505575,35.502697,0.401362
STILL,aom,av1,0,F2,Florac-Le_Vibron-Source_du_Pecher.y4m,1080x874,24,8,39,,31.513759,38.399695,38.760677,16.013745,15.467986,84.616248,82.556491,34.749248,33.004782,0.652203
STILL,aom,av1,0,F2,Florac-Le_Vibron-Source_du_Pecher.y4m,1080x874,24,8,47,,28.415055,36.696011,37.681095,12.402668,12.246340,72.511773,70.486883,30.206667,30.673901,0.638175
STILL,aom,av1,0,F2,Florac-Le_Vibron-Source_du_Pecher.y4m,1080x874,24,8,55,,25.924528,34.710814,36.229055,9.192802,9.421226,54.657833,52.831149,26.198111,28.729609,0.778407
STILL,aom,av1,0,F2,Fontaine_Place_Stanislas.y4m,1390x820,24,8,15,,43.835184,45.356596,46.815510,25.843180,25.066437,95.730685,94.459768,46.456540,42.315420,6.709269
STILL,aom,av1,0,F2,Fontaine_Place_Stanislas.y4m,1390x820,24,8,23,,41.340582,43.641384,45.459923,23.334836,22.793948,94.262863,92.810926,43.954635,40.751248,6.812773
STILL,aom,av1,0,F2,Fontaine_Place_Stanislas.y4m,1390x820,24,8,31,,38.224131,41.700439,43.835443,20.264753,20.073400,91.164727,89.438040,40.560045,38.769809,7.035313
STILL,aom,av1,0,F2,Fontaine_Place_Stanislas.y4m,1390x820,24,8,39,,34.920936,39.883374,42.250338,17.265334,17.365376,84.468967,82.515782,36.812467,36.634546,7.681690
STILL,aom,av1,0,F2,Fontaine_Place_Stanislas.y4m,1390x820,24,8,47,,31.747104,38.011424,40.646026,14.771978,14.991644,73.716666,71.680711,33.015529,34.414880,7.041074
STILL,aom,av1,0,F2,Fontaine_Place_Stanislas.y4m,1390x820,24,8,55,,28.879497,35.733947,38.675506,12.050085,12.442251,56.460930,54.440106,28.803874,32.114577,7.012628
STILL,aom,av1,0,F2,Genmaicha_Tea.y4m,1260x840,24,8,15,,46.902926,49.284952,48.979674,28.748404,28.462520,95.872487,94.753344,46.838863,47.187960,0.003437
STILL,aom,av1,0,F2,Genmaicha_Tea.y4m,1260x840,24,8,23,,44.892055,47.982320,47.850532,27.560920,27.333517,94.903919,93.517846,45.925117,46.121743,0.001828
STILL,aom,av1,0,F2,Genmaicha_Tea.y4m,1260x840,24,8,31,,42.024288,46.588361,46.327490,25.720965,25.588861,92.574064,90.904087,44.041360,44.571933,0.001956
STILL,aom,av1,0,F2,Genmaicha_Tea.y4m,1260x840,24,8,39,,38.814455,44.840917,44.617266,23.371476,23.356528,87.846294,85.855071,40.671515,42.898829,0.002401
STILL,aom,av1,0,F2,Genmaicha_Tea.y4m,1260x840,24,8,47,,35.714057,42.720561,42.765878,20.653512,20.732759,79.354494,77.146526,36.496587,40.432282,0.000165
STILL,aom,av1,0,F2,Genmaicha_Tea.y4m,1260x840,24,8,55,,32.919888,40.848723,40.670566,17.657151,17.899703,65.242007,63.099989,32.246072,38.359261,0.001660
STILL,aom,av1,0,F2,Homestead_in_Montana.y4m,1326x826,24,8,15,,44.638140,45.859443,45.675492,27.110629,26.196436,95.071138,93.624479,47.038996,44.902675,0.549233
STILL,aom,av1,0,F2,Homestead_in_Montana.y4m,1326x826,24,8,23,,42.500048,44.177318,43.716340,24.875113,24.249297,93.485835,91.751292,44.447813,43.183356,0.563385
STILL,aom,av1,0,F2,Homestead_in_Montana.y4m,1326x826,24,8,31,,39.746672,42.063426,41.430619,21.787635,21.553040,89.903718,87.748161,40.573311,41.030744,0.563195
STILL,aom,av1,0,F2,Homestead_in_Montana.y4m,1326x826,24,8,39,,36.887861,39.893263,39.106948,18.426956,18.602905,82.330321,79.983966,36.274827,38.690724,0.569955
STILL,aom,av1,0,F2,Homestead_in_Montana.y4m,1326x826,24,8,47,,34.136938,37.769577,36.980063,15.319796,15.798952,69.789547,67.550769,32.268126,36.459277,0.687734
STILL,aom,av1,0,F2,Homestead_in_Montana.y4m,1326x826,24,8,55,,31.479726,35.577303,34.663606,12.145722,12.871368,50.426522,48.636526,28.426606,34.106085,0.788796
STILL,aom,av1,0,F2,Madeira_151_Funchal_Mercado_dos_Lavradores.y4m,1228x816,24,8,15,,42.850472,43.724334,44.126835,27.884141,26.076976,95.504886,94.325942,47.372884,42.432217,0.464268
STILL,aom,av1,0,F2,Madeira_151_Funchal_Mercado_dos_Lavradores.y4m,1228x816,24,8,23,,40.451358,41.653267,42.252182,25.032225,23.560063,94.135681,92.665318,43.932379,40.392305,0.364752
STILL,aom,av1,0,F2,Madeira_151_Funchal_Mercado_dos_Lavradores.y4m,1228x816,24,8,31,,37.604326,39.290336,40.081903,21.539693,20.555899,90.880601,89.246788,39.495312,38.019132,0.389340
STILL,aom,av1,0,F2,Madeira_151_Funchal_Mercado_dos_Lavradores.y4m,1228x816,24,8,39,,34.782847,36.997954,37.999042,17.996326,17.510720,84.573233,82.673942,34.925339,35.620165,0.566910
STILL,aom,av1,0,F2,Madeira_151_Funchal_Mercado_dos_Lavradores.y4m,1228x816,24,8,47,,32.148182,34.869600,35.876082,14.740357,14.755864,73.333038,71.456208,30.820747,33.359816,0.581916
STILL,aom,av1,0,F2,Madeira_151_Funchal_Mercado_dos_Lavradores.y4m,1228x816,24,8,55,,29.505572,32.766651,33.733957,11.560013,11.984036,55.609903,53.742541,26.909249,31.059937,0.612653
STILL,aom,av1,0,F2,Madeira_159_Funchal_Mercado_dos_Lavradores.y4m,1228x816,24,8,15,,41.969393,43.602281,42.806173,29.073461,27.164951,96.092038,94.978014,48.157971,40.270798,0.073668
STILL,aom,av1,0,F2,Madeira_159_Funchal_Mercado_dos_Lavradores.y4m,1228x816,24,8,23,,38.915568,41.456534,40.444250,25.861408,24.099394,94.964204,93.635850,44.674510,37.981753,0.099136
STILL,aom,av1,0,F2,Madeira_159_Funchal_Mercado_dos_Lavradores.y4m,1228x816,24,8,31,,35.293048,38.898334,37.844793,21.978273,20.474567,92.436183,90.805249,39.983913,35.246067,0.109877
STILL,aom,av1,0,F2,Madeira_159_Funchal_Mercado_dos_Lavradores.y4m,1228x816,24,8,39,,31.846199,36.487522,35.623123,18.276929,17.207705,86.667806,84.856700,35.294566,32.627754,0.252225
STILL,aom,av1,0,F2,Madeira_159_Funchal_Mercado_dos_Lavradores.y4m,1228x816,24,8,47,,28.798283,34.278401,33.859857,15.279530,14.627429,76.828570,74.967911,31.015379,30.255851,0.433769
STILL,aom,av1,0,F2,Madeira_159_Funchal_Mercado_dos_Lavradores.y4m,1228x816,24,8,55,,26.075103,32.303421,32.171382,12.415385,12.143019,61.579878,59.487575,26.698232,27.982674,0.525836
STILL,aom,av1,0,F2,MagicKindom.y4m,1000x1000,24,8,15,,41.581709,42.900486,42.850532,30.965792,26.806389,95.688715,94.451592,48.127278,41.695419,0.007885
STILL,aom,av1,0,F2,MagicKindom.y4m,1000x1000,24,8,23,,38.414157,41.327427,41.328018,27.430910,23.658376,94.271785,92.831179,44.640408,39.224845,0.521360
STILL,aom,av1,0,F2,MagicKindom.y4m,1000x1000,24,8,31,,34.587290,39.684894,39.612325,23.730702,20.336045,91.117287,89.407090,40.243139,36.230261,0.819093
STILL,aom,av1,0,F2,MagicKindom.y4m,1000x1000,24,8,39,,30.675988,38.142619,38.052292,19.927307,16.754814,84.704525,82.715982,35.244709,33.093613,0.739442
STILL,aom,av1,0,F2,MagicKindom.y4m,1000x1000,24,8,47,,27.452300,36.335299,36.287886,16.173314,13.285130,72.523854,70.596271,30.074898,30.314100,0.861400
STILL,aom,av1,0,F2,MagicKindom.y4m,1000x1000,24,8,55,,24.947359,34.312995,34.789181,12.363433,10.090159,53.636911,51.869060,25.361606,27.965913,0.711593
STILL,aom,av1,0,F2,Michigan_Stadium.y4m,1400x934,24,8,15,,42.775962,43.232784,43.389858,31.955391,28.016112,96.155159,95.009985,48.476160,41.655600,0.098916
STILL,aom,av1,0,F2,Michigan_Stadium.y4m,1400x934,24,8,23,,39.873212,40.442205,40.750078,29.266969,25.828524,95.090387,93.721132,45.627151,39.145348,0.124957
STILL,aom,av1,0,F2,Michigan_Stadium.y4m,1400x934,24,8,31,,36.091116,36.952252,37.771619,25.889548,22.997100,92.726214,91.024705,41.487380,36.055205,0.124281
STILL,aom,av1,0,F2,Michigan_Stadium.y4m,1400x934,24,8,39,,32.011815,33.517609,35.685885,22.108298,19.813719,87.131988,85.235868,36.671256,32.947047,0.176561
STILL,aom,av1,0,F2,Michigan_Stadium.y4m,1400x934,24,8,47,,27.989410,31.055087,34.066708,18.490270,16.593105,77.185862,75.122158,31.711977,30.021864,0.210751
STILL,aom,av1,0,F2,Michigan_Stadium.y4m,1400x934,24,8,55,,24.409075,29.175457,32.560337,14.661509,13.056742,60.027428,58.061583,26.456525,27.294298,0.138931
STILL,aom,av1,0,F2,OperaLamps.y4m,1296x864,24,8,15,,42.887066,42.757189,42.728072,29.765013,28.202025,95.480198,94.195972,48.704651,39.914273,1.276895
STILL,aom,av1,0,F2,OperaLamps.y4m,1296x864,24,8,23,,40.151256,40.338419,40.372807,27.001031,25.650259,94.031798,92.515985,45.338289,37.669346,1.244690
STILL,aom,av1,0,F2,OperaLamps.y4m,1296x864,24,8,31,,36.785584,37.559161,37.750990,23.523596,22.429077,90.657376,88.909447,40.619847,35.009086,1.080006
STILL,aom,av1,0,F2,OperaLamps.y4m,1296x864,24,8,39,,33.364449,35.123944,35.555384,19.673269,18.938434,84.018868,81.905599,35.463978,32.478398,1.027655
STILL,aom,av1,0,F2,OperaLamps.y4m,1296x864,24,8,47,,30.261945,33.055355,33.863923,16.011057,15.584555,72.253660,70.122016,30.642833,30.121141,1.019341
STILL,aom,av1,0,F2,OperaLamps.y4m,1296x864,24,8,55,,27.327071,31.063878,32.295595,12.131152,12.126231,52.938532,51.139860,25.958847,27.772979,0.896757
STILL,aom,av1,0,F2,Orion_Nebula.y4m,1200x840,24,8,15,,44.430781,47.180952,47.466997,22.552108,22.081799,92.798080,91.297980,43.944169,44.121035,0.040295
STILL,aom,av1,0,F2,Orion_Nebula.y4m,1200x840,24,8,23,,43.026831,46.029169,46.229477,20.085382,20.133068,89.609389,88.126100,41.511914,42.901610,0.084252
STILL,aom,av1,0,F2,Orion_Nebula.y4m,1200x840,24,8,31,,41.322355,44.730149,44.603261,17.315659,17.856742,83.415460,81.755670,38.690811,41.441258,0.237444
STILL,aom,av1,0,F2,Orion_Nebula.y4m,1200x840,24,8,39,,39.465828,43.385323,42.856888,14.719626,15.608554,71.733214,70.045013,35.992998,39.866769,0.550560
STILL,aom,av1,0,F2,Orion_Nebula.y4m,1200x840,24,8,47,,37.539073,42.111074,41.025530,12.431890,13.531735,55.425655,54.137705,33.607265,38.286618,0.952298
STILL,aom,av1,0,F2,Orion_Nebula.y4m,1200x840,24,8,55,,35.522701,40.560074,39.339913,10.413846,11.541733,37.106525,36.361282,31.359619,36.575124,1.289824
STILL,aom,av1,0,F2,Saint_Catherine-Caravaggio.y4m,876x1140,24,8,15,,41.595323,47.067094,47.468051,23.129712,21.838607,95.938832,94.819999,44.705038,42.427472,1.914737
STILL,aom,av1,0,F2,Saint_Catherine-Caravaggio.y4m,876x1140,24,8,23,,39.272298,46.010377,46.204786,20.374389,19.359360,94.622526,93.304145,41.860084,40.884848,3.655947
STILL,aom,av1,0,F2,Saint_Catherine-Caravaggio.y4m,876x1140,24,8,31,,37.092044,44.676453,44.776200,17.630068,17.056879,91.661455,90.044712,38.776297,39.325450,4.977643
STILL,aom,av1,0,F2,Saint_Catherine-Caravaggio.y4m,876x1140,24,8,39,,35.248245,42.987530,43.094639,15.396512,15.251350,85.418918,83.502090,35.823698,37.876786,6.065532
STILL,aom,av1,0,F2,Saint_Catherine-Caravaggio.y4m,876x1140,24,8,47,,33.433559,40.954119,41.320247,13.406193,13.630615,74.798145,72.796837,33.003613,36.280535,6.162824
STILL,aom,av1,0,F2,Saint_Catherine-Caravaggio.y4m,876x1140,24,8,55,,31.432841,39.006323,39.253255,11.348572,11.869726,60.741650,58.620357,29.944733,34.597469,6.202531
STILL,aom,av1,0,F2,Streptopelia_orientalis.y4m,1404x936,24,8,15,,44.419940,45.492510,47.003455,30.322082,26.106821,95.352221,94.078815,46.574294,43.604142,0.021298
STILL,aom,av1,0,F2,Streptopelia_orientalis.y4m,1404x936,24,8,23,,42.622453,43.585949,45.419684,27.696313,24.224221,93.624002,92.231269,43.825259,41.986409,0.019868
STILL,aom,av1,0,F2,Streptopelia_orientalis.y4m,1404x936,24,8,31,,40.289467,41.294916,43.412685,24.303643,21.759462,90.191879,88.469439,40.105763,39.923749,0.010385
STILL,aom,av1,0,F2,Streptopelia_orientalis.y4m,1404x936,24,8,39,,37.732355,38.888904,41.206505,20.803356,19.042120,83.576596,81.521188,36.205758,37.569636,0.011310
STILL,aom,av1,0,F2,Streptopelia_orientalis.y4m,1404x936,24,8,47,,35.139698,36.675757,39.156463,17.393918,16.309551,71.669176,69.709371,32.502589,35.244603,0.012019
STILL,aom,av1,0,F2,Streptopelia_orientalis.y4m,1404x936,24,8,55,,32.327130,34.577733,37.295705,13.952424,13.445666,53.592864,51.815765,28.858968,32.815874,0.013608
STILL,aom,av1,0,F2,Swallowtail.y4m,1300x900,24,8,15,,42.576333,46.300477,47.023997,27.772518,23.310437,95.756177,94.525139,45.393290,44.349673,0.255483
STILL,aom,av1,0,F2,Swallowtail.y4m,1300x900,24,8,23,,41.087231,44.599809,45.325977,25.817017,22.105482,94.421186,92.949396,43.433590,42.973580,0.314546
STILL,aom,av1,0,F2,Swallowtail.y4m,1300x900,24,8,31,,39.009109,42.440752,43.163858,23.367483,20.399086,91.454933,89.621324,40.450850,41.136667,0.292988
STILL,aom,av1,0,F2,Swallowtail.y4m,1300x900,24,8,39,,36.597799,40.164878,40.892645,20.556659,18.362937,85.717929,83.490104,36.723564,39.047386,0.307344
STILL,aom,av1,0,F2,Swallowtail.y4m,1300x900,24,8,47,,34.086705,37.899923,38.727926,17.757324,16.261164,75.752265,73.374208,32.968036,36.859883,0.306130
STILL,aom,av1,0,F2,Swallowtail.y4m,1300x900,24,8,55,,31.426637,35.545036,36.279234,14.863715,13.957610,60.500450,58.182460,29.057014,34.460101,0.336314
STILL,aom,av1,0,F2,Washington_Monument.y4m,1204x904,24,8,15,,43.561906,47.739489,47.520365,27.453174,24.566591,95.075118,93.587850,46.170951,43.503158,0.572388
STILL,aom,av1,0,F2,Washington_Monument.y4m,1204x904,24,8,23,,40.877236,46.357491,46.359603,24.544277,22.086585,93.268618,91.626978,43.373907,41.787693,0.573268
STILL,aom,av1,0,F2,Washington_Monument.y4m,1204x904,24,8,31,,37.460606,44.701920,44.968944,20.972231,18.906757,89.267843,87.361997,39.641135,39.551784,0.529847
STILL,aom,av1,0,F2,Washington_Monument.y4m,1204x904,24,8,39,,33.975221,42.869950,43.619697,17.383759,15.742129,80.762306,78.812310,35.669762,37.075801,0.459047
STILL,aom,av1,0,F2,Washington_Monument.y4m,1204x904,24,8,47,,30.963557,41.025654,41.951363,14.384328,13.182423,66.548665,64.817726,32.047126,34.720247,0.507214
STILL,aom,av1,0,F2,Washington_Monument.y4m,1204x904,24,8,55,,28.476812,39.411988,40.832097,11.538224,10.734402,47.360010,45.887989,28.539919,32.606282,0.385336
STILL,aom,av1,0,F2,Wasserfassstelle_von_1898_im_Schanerloch.y4m,816x1150,24,8,15,,42.226600,46.518311,46.914685,27.452598,25.941494,95.637306,94.379283,47.483049,42.466557,0.008705
STILL,aom,av1,0,F2,Wasserfassstelle_von_1898_im_Schanerloch.y4m,816x1150,24,8,23,,39.275508,45.457586,46.065202,24.260071,23.071044,94.120152,92.681100,44.383160,40.397706,0.016051
STILL,aom,av1,0,F2,Wasserfassstelle_von_1898_im_Schanerloch.y4m,816x1150,24,8,31,,35.645518,44.249832,44.592472,20.538629,19.789233,90.942241,89.157648,40.134044,37.692381,0.045264
STILL,aom,av1,0,F2,Wasserfassstelle_von_1898_im_Schanerloch.y4m,816x1150,24,8,39,,32.005737,42.458383,42.931249,16.908653,16.539952,83.929163,82.032219,35.448045,34.728082,0.075826
STILL,aom,av1,0,F2,Wasserfassstelle_von_1898_im_Schanerloch.y4m,816x1150,24,8,47,,28.703465,39.467479,39.621851,13.513731,13.482321,71.537917,69.681123,30.777073,31.676269,0.177957
STILL,aom,av1,0,F2,Wasserfassstelle_von_1898_im_Schanerloch.y4m,816x1150,24,8,55,,25.929610,36.881774,37.143119,10.265491,10.551920,51.652826,50.008187,26.268484,28.999920,0.199788
STILL,aom,av1,0,F2,Zoo_de_la_Barben.y4m,1296x864,24,8,15,,45.003582,47.591045,47.596227,25.478983,24.557243,95.132016,93.738921,46.016058,42.852846,9.491982
STILL,aom,av1,0,F2,Zoo_de_la_Barben.y4m,1296x864,24,8,23,,43.436733,46.421235,46.385921,24.027481,23.284060,93.607541,91.862303,44.526361,42.076612,9.221817
STILL,aom,av1,0,F2,Zoo_de_la_Barben.y4m,1296x864,24,8,31,,41.321237,44.970527,44.831860,21.709042,21.275638,90.257782,88.233992,41.892765,40.978764,8.905173
STILL,aom,av1,0,F2,Zoo_de_la_Barben.y4m,1296x864,24,8,39,,38.999389,43.304260,43.166970,18.803040,18.818551,83.429198,81.147369,38.436818,39.792915,9.096779
STILL,aom,av1,0,F2,Zoo_de_la_Barben.y4m,1296x864,24,8,47,,36.959794,41.589177,41.383092,16.041019,16.446817,72.590791,70.206123,35.108512,38.381256,8.468459
STILL,aom,av1,0,F2,Zoo_de_la_Barben.y4m,1296x864,24,8,55,,34.781081,39.954825,39.455071,13.206826,13.910311,56.080443,53.426401,31.848915,36.768270,7.431698
